machine,id_job0,id_job1,time
0,0,0,5
0,0,1,5
0,0,2,5
0,0,4,5
0,0,7,10
0,0,8,5
0,0,9,10
0,0,10,10
0,0,11,10
0,0,15,5
0,0,20,5
0,0,21,5
0,0,25,10
0,0,27,5
0,0,28,5
0,0,30,5
0,0,33,5
0,0,34,5
0,0,35,5
0,0,36,5
0,0,38,30
0,0,39,30
0,0,44,5
0,0,45,5
0,0,46,5
0,0,47,5
0,0,49,10
0,1,1,5
0,1,2,5
0,1,3,10
0,1,8,5
0,1,9,5
0,1,10,5
0,1,12,5
0,1,13,10
0,1,18,5
0,1,19,5
0,1,20,10
0,1,24,5
0,1,26,5
0,1,27,5
0,1,29,10
0,1,30,5
0,1,31,5
0,1,35,5
0,1,38,10
0,1,42,10
0,1,45,5
0,1,46,5
0,1,47,5
0,2,2,5
0,2,3,5
0,2,5,5
0,2,7,5
0,2,8,10
0,2,9,5
0,2,10,5
0,2,11,30
0,2,13,10
0,2,14,5
0,2,15,5
0,2,18,5
0,2,22,10
0,2,24,10
0,2,26,5
0,2,27,5
0,2,29,30
0,2,30,10
0,2,32,5
0,2,33,10
0,2,34,10
0,2,39,10
0,2,40,5
0,2,42,30
0,2,45,10
0,2,49,5
0,3,0,5
0,3,1,5
0,3,2,10
0,3,3,5
0,3,7,10
0,3,8,5
0,3,10,30
0,3,12,5
0,3,14,30
0,3,18,5
0,3,21,5
0,3,25,5
0,3,27,10
0,3,31,10
0,3,32,5
0,3,35,5
0,3,37,5
0,3,39,5
0,3,40,5
0,3,44,10
0,3,45,10
0,3,46,10
0,4,1,10
0,4,4,5
0,4,7,30
0,4,9,5
0,4,13,5
0,4,14,5
0,4,15,5
0,4,21,5
0,4,23,5
0,4,24,5
0,4,25,10
0,4,34,5
0,4,37,10
0,4,38,5
0,4,40,30
0,4,42,5
0,4,44,5
0,4,48,5
0,4,49,5
0,5,0,30
0,5,1,10
0,5,3,5
0,5,5,30
0,5,7,5
0,5,9,5
0,5,10,5
0,5,11,5
0,5,12,5
0,5,13,5
0,5,14,5
0,5,15,30
0,5,20,10
0,5,21,10
0,5,22,5
0,5,23,5
0,5,25,5
0,5,26,5
0,5,27,5
0,5,30,5
0,5,35,10
0,5,45,5
0,5,48,5
0,5,49,10
0,7,1,5
0,7,2,5
0,7,10,5
0,7,13,10
0,7,18,5
0,7,24,10
0,7,29,30
0,7,31,5
0,7,32,10
0,7,33,5
0,7,36,5
0,7,38,5
0,7,39,5
0,7,42,10
0,7,44,30
0,7,49,10
0,8,1,10
0,8,4,30
0,8,5,5
0,8,7,5
0,8,8,5
0,8,9,5
0,8,11,5
0,8,12,5
0,8,13,5
0,8,14,30
0,8,15,5
0,8,18,5
0,8,21,5
0,8,26,5
0,8,27,30
0,8,30,10
0,8,31,10
0,8,33,10
0,8,36,5
0,8,38,10
0,8,40,10
0,8,42,10
0,8,45,5
0,8,46,10
0,8,48,10
0,9,1,10
0,9,2,5
0,9,3,30
0,9,4,30
0,9,5,5
0,9,7,10
0,9,9,5
0,9,10,5
0,9,11,30
0,9,12,5
0,9,13,5
0,9,15,5
0,9,18,5
0,9,19,10
0,9,20,5
0,9,22,5
0,9,24,5
0,9,31,5
0,9,34,5
0,9,39,30
0,9,40,5
0,9,46,10
0,9,48,5
0,9,49,10
0,10,1,10
0,10,3,5
0,10,5,5
0,10,10,10
0,10,13,30
0,10,20,10
0,10,21,5
0,10,22,5
0,10,23,10
0,10,25,5
0,10,30,10
0,10,32,5
0,10,33,5
0,10,34,10
0,10,36,10
0,10,40,5
0,10,47,5
0,10,49,5
0,11,0,5
0,11,1,10
0,11,2,5
0,11,3,5
0,11,5,10
0,11,9,5
0,11,12,5
0,11,13,5
0,11,18,10
0,11,20,10
0,11,21,10
0,11,22,10
0,11,24,5
0,11,25,5
0,11,26,10
0,11,27,5
0,11,33,5
0,11,36,5
0,11,37,10
0,11,38,30
0,11,40,10
0,11,42,5
0,11,45,5
0,11,46,5
0,11,47,5
0,12,0,30
0,12,1,5
0,12,2,10
0,12,5,5
0,12,7,10
0,12,11,5
0,12,14,10
0,12,18,5
0,12,19,5
0,12,20,5
0,12,23,30
0,12,24,10
0,12,25,10
0,12,26,10
0,12,27,5
0,12,28,5
0,12,33,10
0,12,35,10
0,12,36,5
0,12,38,30
0,12,39,5
0,12,40,5
0,12,42,10
0,12,47,5
0,12,48,10
0,13,3,10
0,13,4,5
0,13,5,30
0,13,8,5
0,13,9,5
0,13,10,10
0,13,11,10
0,13,15,30
0,13,19,5
0,13,22,10
0,13,24,30
0,13,27,10
0,13,29,10
0,13,30,10
0,13,32,5
0,13,38,5
0,13,40,5
0,13,42,5
0,13,44,30
0,13,46,5
0,13,49,5
0,14,0,5
0,14,7,5
0,14,8,5
0,14,9,30
0,14,10,5
0,14,11,5
0,14,12,10
0,14,13,5
0,14,14,5
0,14,15,10
0,14,20,5
0,14,21,10
0,14,22,10
0,14,23,5
0,14,24,5
0,14,28,10
0,14,30,5
0,14,32,10
0,14,34,5
0,14,36,30
0,14,38,5
0,14,40,5
0,14,42,5
0,14,46,5
0,14,49,5
0,15,1,10
0,15,3,5
0,15,7,5
0,15,8,10
0,15,13,5
0,15,14,10
0,15,20,5
0,15,22,5
0,15,24,5
0,15,31,10
0,15,32,5
0,15,34,10
0,15,36,5
0,15,37,5
0,15,38,10
0,15,39,10
0,15,40,5
0,15,45,10
0,15,46,5
0,15,48,5
0,18,2,10
0,18,4,5
0,18,9,10
0,18,11,10
0,18,12,5
0,18,13,10
0,18,14,5
0,18,20,5
0,18,21,5
0,18,22,5
0,18,25,10
0,18,31,5
0,18,32,5
0,18,33,5
0,18,35,10
0,18,37,5
0,18,39,5
0,18,40,5
0,18,45,5
0,18,47,5
0,18,48,5
0,19,2,5
0,19,3,5
0,19,4,5
0,19,5,5
0,19,10,5
0,19,11,5
0,19,15,5
0,19,18,30
0,19,19,5
0,19,20,5
0,19,27,10
0,19,28,30
0,19,30,5
0,19,31,5
0,19,36,5
0,19,37,5
0,19,38,5
0,19,40,5
0,19,45,10
0,19,47,10
0,19,49,5
0,20,1,30
0,20,2,5
0,20,3,5
0,20,5,10
0,20,7,5
0,20,8,5
0,20,9,10
0,20,11,5
0,20,15,5
0,20,18,5
0,20,19,5
0,20,20,5
0,20,22,10
0,20,23,5
0,20,25,5
0,20,32,10
0,20,33,10
0,20,36,10
0,20,38,10
0,20,40,10
0,20,42,5
0,20,44,10
0,20,46,5
0,20,47,10
0,20,48,30
0,21,0,5
0,21,1,5
0,21,3,10
0,21,5,5
0,21,7,5
0,21,8,5
0,21,10,5
0,21,11,30
0,21,12,30
0,21,13,10
0,21,14,30
0,21,15,5
0,21,19,5
0,21,21,10
0,21,23,5
0,21,29,5
0,21,33,5
0,21,36,5
0,21,42,5
0,21,45,10
0,21,47,5
0,21,48,10
0,22,1,5
0,22,3,5
0,22,5,10
0,22,7,5
0,22,8,10
0,22,11,5
0,22,19,5
0,22,20,5
0,22,22,5
0,22,24,5
0,22,26,30
0,22,27,5
0,22,28,5
0,22,29,10
0,22,30,30
0,22,31,5
0,22,32,10
0,22,37,5
0,22,38,5
0,22,39,10
0,22,42,10
0,22,47,5
0,23,0,5
0,23,1,5
0,23,2,5
0,23,3,5
0,23,4,30
0,23,5,5
0,23,7,5
0,23,9,30
0,23,10,5
0,23,11,10
0,23,14,5
0,23,18,5
0,23,19,5
0,23,20,5
0,23,21,5
0,23,22,5
0,23,23,5
0,23,24,5
0,23,30,30
0,23,31,5
0,23,32,5
0,23,34,30
0,23,35,30
0,23,36,5
0,23,37,5
0,23,42,10
0,23,44,5
0,23,45,5
0,23,49,5
0,24,1,5
0,24,5,30
0,24,7,10
0,24,8,10
0,24,10,10
0,24,12,5
0,24,14,5
0,24,15,30
0,24,19,5
0,24,20,10
0,24,23,10
0,24,24,5
0,24,25,5
0,24,26,5
0,24,34,10
0,24,35,30
0,24,36,5
0,24,37,5
0,24,39,10
0,24,44,10
0,24,47,5
0,24,49,5
0,25,1,10
0,25,3,10
0,25,4,10
0,25,7,5
0,25,10,5
0,25,12,10
0,25,23,5
0,25,26,30
0,25,27,5
0,25,28,5
0,25,30,30
0,25,32,5
0,25,33,10
0,25,35,5
0,25,36,30
0,25,37,30
0,25,40,10
0,25,42,5
0,25,44,5
0,25,48,5
0,25,49,5
0,26,0,5
0,26,1,5
0,26,2,5
0,26,4,10
0,26,8,5
0,26,10,10
0,26,12,5
0,26,15,5
0,26,18,10
0,26,22,5
0,26,24,10
0,26,25,5
0,26,26,5
0,26,27,5
0,26,31,5
0,26,34,10
0,26,35,10
0,26,38,5
0,26,42,10
0,26,45,5
0,26,47,5
0,26,48,10
0,27,1,5
0,27,2,10
0,27,7,10
0,27,9,5
0,27,10,10
0,27,20,30
0,27,22,5
0,27,24,5
0,27,25,30
0,27,26,10
0,27,27,5
0,27,30,5
0,27,32,5
0,27,36,10
0,27,38,5
0,27,42,10
0,27,45,10
0,27,47,10
0,27,48,10
0,27,49,5
0,28,1,5
0,28,2,5
0,28,3,10
0,28,4,10
0,28,5,5
0,28,7,5
0,28,9,5
0,28,14,10
0,28,15,30
0,28,19,5
0,28,21,5
0,28,24,10
0,28,25,10
0,28,26,5
0,28,33,10
0,28,37,5
0,28,39,5
0,28,40,5
0,28,44,10
0,28,46,30
0,28,49,5
0,29,0,5
0,29,3,5
0,29,7,5
0,29,9,10
0,29,11,10
0,29,14,5
0,29,18,5
0,29,19,10
0,29,23,10
0,29,24,5
0,29,25,10
0,29,27,5
0,29,30,5
0,29,33,10
0,29,34,5
0,29,35,5
0,29,36,5
0,29,37,10
0,29,45,5
0,29,46,5
0,29,48,30
0,30,1,5
0,30,2,10
0,30,5,5
0,30,7,5
0,30,10,5
0,30,11,10
0,30,12,5
0,30,14,30
0,30,18,10
0,30,19,5
0,30,20,5
0,30,25,10
0,30,26,10
0,30,27,5
0,30,30,10
0,30,31,5
0,30,32,5
0,30,33,10
0,30,34,30
0,30,37,5
0,30,42,5
0,30,45,5
0,30,47,5
0,30,48,5
0,31,0,5
0,31,4,10
0,31,7,30
0,31,10,5
0,31,11,30
0,31,13,5
0,31,14,5
0,31,18,5
0,31,24,5
0,31,25,5
0,31,27,5
0,31,29,5
0,31,31,5
0,31,32,10
0,31,35,5
0,31,36,10
0,31,38,5
0,31,42,10
0,31,47,5
0,32,0,5
0,32,1,5
0,32,4,5
0,32,5,5
0,32,7,5
0,32,8,5
0,32,11,5
0,32,12,30
0,32,13,5
0,32,15,10
0,32,18,5
0,32,19,30
0,32,20,30
0,32,21,30
0,32,22,5
0,32,23,10
0,32,27,30
0,32,28,5
0,32,30,10
0,32,31,10
0,32,40,10
0,32,44,10
0,32,45,5
0,32,46,10
0,32,47,10
0,33,1,5
0,33,2,5
0,33,9,10
0,33,10,5
0,33,12,5
0,33,13,10
0,33,15,5
0,33,18,5
0,33,24,5
0,33,25,10
0,33,27,10
0,33,29,5
0,33,30,5
0,33,31,10
0,33,32,30
0,33,33,10
0,33,38,10
0,33,39,5
0,33,42,30
0,33,46,5
0,33,48,10
0,34,0,10
0,34,2,5
0,34,3,10
0,34,7,5
0,34,8,5
0,34,10,10
0,34,12,5
0,34,13,5
0,34,14,10
0,34,19,5
0,34,21,30
0,34,22,10
0,34,23,5
0,34,24,5
0,34,28,10
0,34,31,10
0,34,32,5
0,34,33,5
0,34,35,5
0,34,36,30
0,34,38,10
0,34,39,10
0,34,44,5
0,34,47,5
0,35,1,10
0,35,2,10
0,35,3,5
0,35,8,5
0,35,12,10
0,35,14,10
0,35,18,5
0,35,19,10
0,35,21,5
0,35,27,5
0,35,28,10
0,35,29,5
0,35,30,10
0,35,37,30
0,35,38,10
0,35,45,5
0,36,0,5
0,36,4,10
0,36,8,5
0,36,9,10
0,36,10,5
0,36,11,10
0,36,13,10
0,36,18,5
0,36,19,10
0,36,20,5
0,36,21,5
0,36,24,10
0,36,26,5
0,36,29,10
0,36,30,10
0,36,33,30
0,36,35,5
0,36,36,30
0,36,37,5
0,36,39,10
0,36,42,10
0,36,44,5
0,36,45,5
0,36,46,30
0,37,0,5
0,37,2,10
0,37,4,10
0,37,5,5
0,37,11,5
0,37,18,5
0,37,22,10
0,37,24,5
0,37,26,5
0,37,28,5
0,37,29,5
0,37,30,5
0,37,34,10
0,37,35,30
0,37,38,5
0,37,39,5
0,37,40,10
0,37,42,5
0,37,46,10
0,37,47,10
0,37,48,5
0,37,49,5
0,38,0,5
0,38,1,5
0,38,2,5
0,38,3,5
0,38,5,10
0,38,8,5
0,38,10,5
0,38,11,5
0,38,13,30
0,38,14,5
0,38,15,5
0,38,18,10
0,38,19,5
0,38,20,5
0,38,23,5
0,38,24,5
0,38,25,10
0,38,27,10
0,38,28,5
0,38,31,5
0,38,36,10
0,38,38,5
0,38,39,5
0,38,40,5
0,38,45,10
0,38,46,10
0,38,47,30
0,38,48,5
0,39,0,5
0,39,3,10
0,39,4,5
0,39,5,5
0,39,7,10
0,39,9,5
0,39,12,10
0,39,18,10
0,39,23,5
0,39,24,5
0,39,25,5
0,39,26,10
0,39,30,10
0,39,32,5
0,39,34,5
0,39,35,30
0,39,37,5
0,39,38,5
0,39,42,5
0,39,44,30
0,39,48,30
0,40,2,10
0,40,3,10
0,40,4,5
0,40,5,5
0,40,10,5
0,40,13,10
0,40,15,30
0,40,19,10
0,40,20,5
0,40,23,5
0,40,28,5
0,40,29,5
0,40,31,10
0,40,35,5
0,40,36,10
0,40,38,5
0,40,39,5
0,40,42,10
0,40,45,5
0,42,5,10
0,42,8,5
0,42,9,10
0,42,11,30
0,42,14,5
0,42,18,5
0,42,20,5
0,42,24,5
0,42,26,30
0,42,29,5
0,42,31,10
0,42,32,5
0,42,42,10
0,42,46,5
0,42,47,5
0,42,48,5
0,44,1,5
0,44,5,10
0,44,7,10
0,44,10,5
0,44,12,5
0,44,13,5
0,44,14,10
0,44,15,10
0,44,18,5
0,44,20,10
0,44,25,10
0,44,26,5
0,44,27,10
0,44,30,5
0,44,31,10
0,44,34,5
0,44,37,10
0,44,46,5
0,44,47,5
0,44,48,10
0,45,0,5
0,45,1,10
0,45,3,30
0,45,4,10
0,45,7,5
0,45,10,30
0,45,12,5
0,45,18,5
0,45,19,5
0,45,20,5
0,45,21,30
0,45,22,30
0,45,24,5
0,45,25,5
0,45,28,30
0,45,29,10
0,45,30,5
0,45,32,5
0,45,34,10
0,45,35,10
0,45,37,10
0,45,38,10
0,45,39,5
0,45,44,5
0,45,45,5
0,45,46,5
0,45,47,5
0,46,0,5
0,46,2,10
0,46,3,10
0,46,4,5
0,46,7,5
0,46,8,10
0,46,9,30
0,46,13,5
0,46,15,5
0,46,21,10
0,46,25,5
0,46,26,5
0,46,29,5
0,46,30,30
0,46,33,5
0,46,35,10
0,46,37,5
0,46,38,30
0,46,39,5
0,46,42,10
0,46,44,30
0,46,48,5
0,46,49,5
0,47,3,10
0,47,5,5
0,47,7,10
0,47,9,5
0,47,12,5
0,47,14,10
0,47,21,10
0,47,24,5
0,47,26,30
0,47,27,5
0,47,28,5
0,47,29,10
0,47,30,5
0,47,32,10
0,47,33,30
0,47,34,5
0,47,35,10
0,47,36,5
0,47,37,5
0,47,39,10
0,47,45,5
0,47,49,5
0,48,1,5
0,48,2,10
0,48,4,5
0,48,7,5
0,48,8,5
0,48,19,5
0,48,20,5
0,48,22,5
0,48,26,5
0,48,28,10
0,48,32,5
0,48,33,5
0,48,35,5
0,48,36,10
0,48,37,10
0,48,38,10
0,48,44,5
0,48,45,30
0,48,47,5
0,48,48,5
0,48,49,30
0,49,0,5
0,49,1,10
0,49,3,10
0,49,5,5
0,49,8,10
0,49,9,5
0,49,11,10
0,49,14,5
0,49,15,10
0,49,18,5
0,49,19,5
0,49,20,5
0,49,23,5
0,49,25,10
0,49,27,5
0,49,28,5
0,49,29,5
0,49,30,10
0,49,33,5
0,49,36,5
0,49,37,5
0,49,38,5
0,49,39,10
0,49,40,5
0,49,42,5
0,49,44,5
0,49,47,5
1,0,2,5
1,0,5,5
1,0,7,10
1,0,14,10
1,0,16,5
1,0,17,5
1,0,18,5
1,0,22,10
1,0,25,5
1,0,27,5
1,0,30,5
1,0,34,10
1,0,37,5
1,0,41,10
1,0,42,5
1,0,43,5
1,0,44,10
1,0,45,5
1,0,47,10
1,0,49,5
1,1,7,10
1,1,13,10
1,1,14,30
1,1,15,5
1,1,16,10
1,1,19,30
1,1,21,5
1,1,22,30
1,1,24,5
1,1,26,10
1,1,28,5
1,1,29,5
1,1,34,5
1,1,35,5
1,1,36,5
1,1,45,5
1,1,46,10
1,1,49,10
1,2,0,5
1,2,1,5
1,2,8,5
1,2,10,10
1,2,12,5
1,2,16,5
1,2,17,5
1,2,19,10
1,2,20,5
1,2,21,30
1,2,23,5
1,2,24,10
1,2,26,30
1,2,30,30
1,2,35,10
1,2,38,5
1,2,40,30
1,2,43,10
1,5,0,5
1,5,1,5
1,5,2,10
1,5,5,5
1,5,8,5
1,5,9,30
1,5,10,5
1,5,11,10
1,5,12,5
1,5,13,5
1,5,15,10
1,5,17,5
1,5,20,30
1,5,21,5
1,5,23,10
1,5,26,10
1,5,28,10
1,5,29,5
1,5,34,5
1,5,37,5
1,5,38,5
1,5,43,5
1,5,44,5
1,5,45,5
1,5,46,30
1,5,49,5
1,7,1,5
1,7,2,5
1,7,5,10
1,7,8,5
1,7,9,5
1,7,14,30
1,7,15,5
1,7,21,10
1,7,23,10
1,7,26,5
1,7,28,10
1,7,30,5
1,7,36,5
1,7,37,5
1,7,39,10
1,7,42,10
1,7,43,5
1,7,44,5
1,7,45,5
1,7,47,5
1,8,0,10
1,8,1,5
1,8,2,30
1,8,7,10
1,8,10,5
1,8,11,10
1,8,12,30
1,8,13,5
1,8,14,5
1,8,15,10
1,8,18,5
1,8,20,5
1,8,21,5
1,8,23,10
1,8,24,5
1,8,26,5
1,8,27,10
1,8,29,10
1,8,34,5
1,8,37,10
1,8,39,5
1,8,40,10
1,8,45,5
1,8,47,5
1,8,48,5
1,9,10,5
1,9,11,5
1,9,19,5
1,9,21,10
1,9,24,10
1,9,27,5
1,9,29,5
1,9,36,10
1,9,37,5
1,9,38,10
1,9,40,5
1,9,44,10
1,9,45,5
1,9,47,5
1,9,48,5
1,9,49,5
1,10,1,5
1,10,5,5
1,10,7,5
1,10,8,5
1,10,11,30
1,10,14,10
1,10,17,5
1,10,18,30
1,10,19,5
1,10,20,5
1,10,21,10
1,10,22,10
1,10,25,30
1,10,26,5
1,10,27,5
1,10,28,10
1,10,29,30
1,10,37,5
1,10,38,5
1,10,39,10
1,10,41,10
1,10,44,10
1,10,46,10
1,10,47,10
1,10,48,5
1,10,49,5
1,11,0,5
1,11,8,10
1,11,11,5
1,11,14,5
1,11,15,5
1,11,17,10
1,11,18,5
1,11,19,5
1,11,20,10
1,11,21,5
1,11,22,5
1,11,23,5
1,11,26,5
1,11,27,5
1,11,28,5
1,11,29,5
1,11,34,5
1,11,37,5
1,11,39,5
1,11,40,5
1,11,42,30
1,11,43,30
1,11,46,5
1,11,49,5
1,12,0,5
1,12,2,5
1,12,5,10
1,12,7,5
1,12,12,5
1,12,15,10
1,12,18,5
1,12,19,5
1,12,25,5
1,12,26,10
1,12,28,10
1,12,29,5
1,12,34,5
1,12,35,10
1,12,37,10
1,12,39,5
1,12,40,5
1,12,41,5
1,12,42,30
1,12,43,5
1,12,44,5
1,12,45,5
1,12,47,5
1,13,2,10
1,13,7,10
1,13,9,30
1,13,11,10
1,13,13,10
1,13,14,5
1,13,15,5
1,13,16,5
1,13,17,5
1,13,23,5
1,13,27,10
1,13,28,5
1,13,30,30
1,13,34,5
1,13,37,10
1,13,39,10
1,13,41,5
1,13,43,10
1,13,45,5
1,13,47,10
1,13,48,30
1,13,49,5
1,14,0,5
1,14,7,10
1,14,8,30
1,14,11,10
1,14,12,5
1,14,15,5
1,14,17,10
1,14,18,5
1,14,19,30
1,14,20,10
1,14,21,5
1,14,22,10
1,14,23,5
1,14,25,30
1,14,27,5
1,14,28,10
1,14,29,5
1,14,34,5
1,14,36,5
1,14,38,10
1,14,39,10
1,14,42,10
1,14,43,5
1,14,45,5
1,14,48,10
1,14,49,5
1,15,0,30
1,15,1,10
1,15,2,10
1,15,5,10
1,15,8,10
1,15,9,10
1,15,11,10
1,15,12,5
1,15,13,30
1,15,14,5
1,15,15,5
1,15,16,5
1,15,17,10
1,15,22,5
1,15,24,5
1,15,26,5
1,15,28,5
1,15,36,5
1,15,37,10
1,15,39,10
1,15,40,30
1,15,44,5
1,15,45,10
1,15,47,10
1,15,48,30
1,15,49,5
1,16,0,10
1,16,1,10
1,16,2,10
1,16,5,5
1,16,8,30
1,16,10,5
1,16,18,5
1,16,19,5
1,16,26,10
1,16,27,30
1,16,28,10
1,16,30,30
1,16,34,5
1,16,36,5
1,16,37,5
1,16,40,5
1,16,41,10
1,16,43,5
1,16,45,5
1,16,46,5
1,16,47,10
1,16,48,10
1,16,49,10
1,17,0,5
1,17,2,30
1,17,7,10
1,17,8,30
1,17,9,5
1,17,11,5
1,17,12,5
1,17,16,10
1,17,17,10
1,17,18,5
1,17,19,5
1,17,20,10
1,17,23,10
1,17,25,5
1,17,26,5
1,17,29,10
1,17,34,30
1,17,35,10
1,17,37,5
1,17,38,5
1,17,39,5
1,17,40,5
1,17,41,10
1,17,42,5
1,17,45,5
1,17,46,5
1,17,47,10
1,17,48,10
1,18,1,5
1,18,2,5
1,18,5,10
1,18,8,5
1,18,9,5
1,18,10,5
1,18,12,10
1,18,13,5
1,18,14,10
1,18,17,10
1,18,18,5
1,18,22,10
1,18,23,10
1,18,24,10
1,18,26,5
1,18,34,5
1,18,35,5
1,18,36,10
1,18,37,5
1,18,39,5
1,18,40,10
1,18,43,30
1,18,46,10
1,18,48,5
1,18,49,5
1,19,0,30
1,19,1,5
1,19,7,5
1,19,8,5
1,19,9,10
1,19,10,5
1,19,11,30
1,19,12,5
1,19,13,5
1,19,14,5
1,19,18,10
1,19,19,10
1,19,21,10
1,19,22,5
1,19,23,5
1,19,24,5
1,19,27,5
1,19,28,5
1,19,34,10
1,19,35,10
1,19,36,5
1,19,37,5
1,19,38,5
1,19,39,5
1,19,40,5
1,19,41,10
1,19,44,5
1,19,45,5
1,19,47,5
1,20,1,5
1,20,9,5
1,20,12,5
1,20,13,5
1,20,14,5
1,20,16,5
1,20,18,10
1,20,19,5
1,20,23,30
1,20,25,5
1,20,27,5
1,20,28,5
1,20,34,5
1,20,35,5
1,20,37,5
1,20,38,5
1,20,39,5
1,20,40,5
1,20,43,5
1,20,45,10
1,20,47,5
1,20,49,10
1,21,1,5
1,21,5,10
1,21,7,5
1,21,9,5
1,21,10,5
1,21,11,5
1,21,12,5
1,21,14,10
1,21,15,5
1,21,16,30
1,21,18,10
1,21,19,5
1,21,20,10
1,21,24,10
1,21,26,10
1,21,29,5
1,21,30,5
1,21,37,5
1,21,38,5
1,21,41,5
1,21,42,5
1,21,43,10
1,21,48,10
1,21,49,5
1,22,0,5
1,22,5,10
1,22,7,10
1,22,10,5
1,22,12,5
1,22,13,10
1,22,15,10
1,22,20,5
1,22,23,10
1,22,25,5
1,22,26,5
1,22,27,5
1,22,28,30
1,22,29,5
1,22,34,5
1,22,35,5
1,22,36,5
1,22,38,10
1,22,40,10
1,22,42,5
1,22,43,5
1,22,46,5
1,22,47,5
1,22,49,10
1,23,0,5
1,23,2,5
1,23,7,10
1,23,8,10
1,23,9,5
1,23,10,5
1,23,12,10
1,23,13,5
1,23,14,5
1,23,15,5
1,23,16,5
1,23,17,30
1,23,18,5
1,23,22,5
1,23,24,10
1,23,25,10
1,23,27,10
1,23,28,5
1,23,30,10
1,23,34,5
1,23,35,5
1,23,39,10
1,23,42,10
1,23,45,5
1,23,48,5
1,23,49,5
1,24,0,5
1,24,1,5
1,24,7,5
1,24,9,10
1,24,10,30
1,24,13,5
1,24,17,5
1,24,24,5
1,24,25,10
1,24,26,5
1,24,27,10
1,24,28,5
1,24,34,5
1,24,36,5
1,24,38,5
1,24,39,10
1,24,41,10
1,24,43,5
1,24,44,5
1,24,47,5
1,24,48,30
1,24,49,5
1,25,9,10
1,25,10,30
1,25,12,5
1,25,14,5
1,25,16,5
1,25,23,5
1,25,24,10
1,25,26,5
1,25,28,5
1,25,29,10
1,25,35,10
1,25,36,5
1,25,37,5
1,25,38,5
1,25,39,5
1,25,43,5
1,25,44,5
1,25,46,10
1,25,49,5
1,26,1,5
1,26,2,5
1,26,7,30
1,26,8,5
1,26,9,5
1,26,10,5
1,26,11,10
1,26,12,5
1,26,14,5
1,26,15,10
1,26,16,10
1,26,17,30
1,26,19,10
1,26,20,5
1,26,23,5
1,26,25,5
1,26,38,5
1,26,41,5
1,26,42,10
1,26,43,5
1,26,44,5
1,26,45,10
1,26,46,5
1,27,7,5
1,27,8,10
1,27,9,5
1,27,11,5
1,27,12,5
1,27,16,10
1,27,18,10
1,27,20,5
1,27,24,5
1,27,25,5
1,27,26,5
1,27,27,10
1,27,29,30
1,27,35,5
1,27,36,5
1,27,38,5
1,27,41,5
1,27,44,5
1,27,45,5
1,27,46,5
1,27,48,5
1,27,49,10
1,28,2,10
1,28,5,10
1,28,8,5
1,28,9,5
1,28,11,10
1,28,12,30
1,28,14,5
1,28,17,5
1,28,18,5
1,28,19,10
1,28,20,10
1,28,22,10
1,28,23,5
1,28,24,10
1,28,25,5
1,28,30,5
1,28,35,5
1,28,36,30
1,28,37,5
1,28,43,5
1,28,45,5
1,28,46,5
1,28,47,5
1,28,49,30
1,29,0,5
1,29,2,10
1,29,5,5
1,29,7,10
1,29,8,30
1,29,13,10
1,29,14,5
1,29,17,5
1,29,22,5
1,29,24,10
1,29,25,5
1,29,27,5
1,29,28,10
1,29,36,10
1,29,37,5
1,29,38,10
1,29,39,5
1,29,41,5
1,29,46,10
1,29,47,10
1,29,48,5
1,29,49,5
1,30,7,5
1,30,8,5
1,30,10,5
1,30,12,5
1,30,14,5
1,30,15,5
1,30,16,30
1,30,17,10
1,30,18,5
1,30,19,10
1,30,20,5
1,30,22,5
1,30,23,5
1,30,24,5
1,30,29,10
1,30,30,10
1,30,36,5
1,30,42,5
1,30,43,5
1,30,44,5
1,30,45,10
1,30,47,5
1,30,48,5
1,34,0,10
1,34,7,5
1,34,9,5
1,34,10,10
1,34,12,10
1,34,13,10
1,34,16,5
1,34,17,10
1,34,18,5
1,34,19,5
1,34,20,5
1,34,22,5
1,34,24,5
1,34,26,30
1,34,27,10
1,34,29,5
1,34,37,5
1,34,38,5
1,34,43,5
1,34,44,30
1,34,45,5
1,34,46,5
1,34,47,5
1,34,49,5
1,35,0,30
1,35,2,5
1,35,8,5
1,35,10,5
1,35,11,30
1,35,13,10
1,35,15,5
1,35,19,5
1,35,23,10
1,35,26,10
1,35,27,10
1,35,29,30
1,35,30,5
1,35,37,5
1,35,38,5
1,35,39,5
1,35,40,30
1,35,42,5
1,35,43,10
1,35,47,10
1,35,48,5
1,36,0,5
1,36,1,5
1,36,2,5
1,36,9,5
1,36,10,30
1,36,11,5
1,36,14,10
1,36,16,10
1,36,17,5
1,36,21,10
1,36,22,5
1,36,23,5
1,36,24,5
1,36,25,5
1,36,26,5
1,36,28,10
1,36,30,5
1,36,43,5
1,36,47,5
1,36,48,5
1,37,0,5
1,37,1,5
1,37,5,10
1,37,16,5
1,37,17,5
1,37,19,5
1,37,21,30
1,37,22,30
1,37,25,5
1,37,26,10
1,37,27,5
1,37,28,30
1,37,30,30
1,37,37,5
1,37,39,10
1,37,42,10
1,37,45,30
1,37,46,10
1,37,48,5
1,38,0,5
1,38,2,5
1,38,5,5
1,38,9,5
1,38,10,5
1,38,11,5
1,38,13,10
1,38,14,30
1,38,15,30
1,38,17,5
1,38,19,5
1,38,22,30
1,38,24,5
1,38,26,10
1,38,28,10
1,38,30,5
1,38,35,10
1,38,40,5
1,38,42,5
1,38,43,30
1,38,46,5
1,38,47,5
1,39,1,5
1,39,2,10
1,39,5,10
1,39,11,30
1,39,13,10
1,39,14,5
1,39,15,10
1,39,18,10
1,39,21,10
1,39,22,5
1,39,23,5
1,39,24,5
1,39,25,30
1,39,26,5
1,39,29,5
1,39,35,5
1,39,40,5
1,39,41,10
1,39,42,5
1,39,44,5
1,39,45,5
1,39,47,5
1,39,49,10
1,40,0,30
1,40,5,5
1,40,8,5
1,40,11,5
1,40,12,5
1,40,15,5
1,40,18,5
1,40,20,5
1,40,23,10
1,40,25,5
1,40,29,5
1,40,30,5
1,40,34,5
1,40,42,30
1,40,43,5
1,40,44,5
1,40,49,5
1,41,5,5
1,41,9,5
1,41,11,5
1,41,12,10
1,41,13,5
1,41,14,5
1,41,15,5
1,41,16,5
1,41,18,30
1,41,19,5
1,41,23,5
1,41,26,10
1,41,27,10
1,41,28,5
1,41,41,5
1,41,43,5
1,41,45,10
1,41,46,5
1,41,49,5
1,42,0,5
1,42,7,5
1,42,8,5
1,42,10,5
1,42,12,5
1,42,13,5
1,42,15,5
1,42,16,5
1,42,24,5
1,42,26,10
1,42,27,10
1,42,28,5
1,42,30,5
1,42,34,5
1,42,35,10
1,42,38,10
1,42,40,5
1,42,42,5
1,42,43,5
1,42,44,5
1,42,45,5
1,42,48,5
1,42,49,10
1,43,1,5
1,43,2,5
1,43,5,10
1,43,9,30
1,43,10,10
1,43,18,5
1,43,19,5
1,43,23,5
1,43,24,10
1,43,25,10
1,43,27,5
1,43,28,10
1,43,30,5
1,43,35,10
1,43,38,5
1,43,40,5
1,43,41,10
1,43,42,5
1,43,44,10
1,43,46,10
1,43,48,5
1,43,49,10
1,44,0,10
1,44,8,5
1,44,9,5
1,44,10,10
1,44,16,5
1,44,17,5
1,44,18,5
1,44,20,5
1,44,22,10
1,44,25,30
1,44,26,10
1,44,27,10
1,44,34,10
1,44,36,5
1,44,37,5
1,44,38,5
1,44,39,10
1,44,40,10
1,44,43,30
1,44,44,5
1,44,45,10
1,44,46,30
1,44,48,30
1,45,12,5
1,45,13,10
1,45,14,10
1,45,16,10
1,45,19,30
1,45,24,30
1,45,26,5
1,45,27,10
1,45,28,10
1,45,29,30
1,45,30,10
1,45,35,30
1,45,40,10
1,45,47,10
1,45,49,5
1,46,0,10
1,46,2,10
1,46,7,5
1,46,9,5
1,46,10,5
1,46,11,10
1,46,12,5
1,46,17,10
1,46,18,5
1,46,21,5
1,46,24,10
1,46,25,5
1,46,27,10
1,46,35,5
1,46,37,10
1,46,40,30
1,46,41,5
1,46,42,30
1,46,43,10
1,46,45,10
1,46,46,5
1,46,47,10
1,46,48,10
1,47,2,10
1,47,9,5
1,47,15,5
1,47,17,5
1,47,22,10
1,47,23,5
1,47,24,5
1,47,28,5
1,47,29,10
1,47,34,5
1,47,41,5
1,47,46,5
1,47,47,5
1,47,48,5
1,48,0,30
1,48,2,5
1,48,5,10
1,48,8,5
1,48,9,5
1,48,10,5
1,48,15,5
1,48,17,5
1,48,18,5
1,48,19,5
1,48,21,30
1,48,22,10
1,48,23,5
1,48,24,5
1,48,27,30
1,48,30,30
1,48,34,10
1,48,37,10
1,48,38,5
1,48,40,10
1,48,41,10
1,48,42,5
1,48,43,10
1,48,44,5
1,48,48,10
1,49,2,10
1,49,5,10
1,49,7,5
1,49,10,10
1,49,16,5
1,49,20,5
1,49,21,10
1,49,22,5
1,49,24,10
1,49,25,5
1,49,26,5
1,49,27,5
1,49,29,5
1,49,34,5
1,49,35,10
1,49,37,5
1,49,41,5
1,49,43,5
1,49,45,5
1,49,46,5
1,49,47,5
2,0,0,5
2,0,2,5
2,0,3,10
2,0,4,30
2,0,6,5
2,0,12,10
2,0,20,10
2,0,22,5
2,0,23,5
2,0,24,10
2,0,28,30
2,0,29,5
2,0,31,5
2,0,34,5
2,0,35,5
2,0,36,5
2,0,38,30
2,0,41,10
2,0,43,5
2,0,49,10
2,1,6,10
2,1,9,5
2,1,10,10
2,1,12,5
2,1,13,5
2,1,14,10
2,1,15,10
2,1,16,30
2,1,17,10
2,1,18,30
2,1,22,5
2,1,23,30
2,1,24,5
2,1,25,5
2,1,26,5
2,1,28,5
2,1,31,10
2,1,32,5
2,1,33,10
2,1,36,5
2,1,38,10
2,1,42,5
2,1,44,5
2,1,45,30
2,1,46,5
2,1,47,5
2,1,48,10
2,1,49,5
2,2,1,5
2,2,5,5
2,2,7,5
2,2,9,5
2,2,10,10
2,2,12,30
2,2,13,10
2,2,15,10
2,2,18,5
2,2,22,5
2,2,25,30
2,2,27,5
2,2,28,30
2,2,31,5
2,2,32,5
2,2,35,30
2,2,36,5
2,2,40,10
2,2,41,5
2,2,42,5
2,2,43,10
2,2,44,5
2,2,46,5
2,2,47,5
2,3,1,10
2,3,2,5
2,3,4,5
2,3,12,5
2,3,15,5
2,3,16,5
2,3,17,10
2,3,18,5
2,3,20,5
2,3,26,10
2,3,27,5
2,3,29,5
2,3,34,30
2,3,35,10
2,3,37,10
2,3,38,5
2,3,41,5
2,3,42,5
2,3,43,10
2,3,46,5
2,3,49,10
2,4,7,5
2,4,9,5
2,4,10,10
2,4,11,30
2,4,14,10
2,4,15,5
2,4,16,10
2,4,17,5
2,4,18,10
2,4,19,5
2,4,22,10
2,4,23,5
2,4,26,5
2,4,27,5
2,4,28,30
2,4,29,5
2,4,38,5
2,4,41,5
2,4,43,5
2,4,44,5
2,4,45,10
2,4,46,5
2,4,47,10
2,4,48,5
2,5,6,5
2,5,10,5
2,5,11,10
2,5,13,5
2,5,14,5
2,5,15,5
2,5,16,5
2,5,17,5
2,5,18,10
2,5,19,10
2,5,25,5
2,5,26,5
2,5,28,5
2,5,30,5
2,5,31,5
2,5,33,5
2,5,35,5
2,5,36,5
2,5,37,10
2,5,40,5
2,5,41,5
2,5,43,5
2,5,44,5
2,5,45,10
2,5,47,5
2,5,48,5
2,5,49,5
2,6,0,5
2,6,4,10
2,6,6,5
2,6,7,10
2,6,9,5
2,6,10,5
2,6,11,5
2,6,14,5
2,6,17,5
2,6,18,5
2,6,21,10
2,6,22,5
2,6,25,5
2,6,27,5
2,6,28,5
2,6,32,10
2,6,35,5
2,6,36,10
2,6,38,10
2,6,41,10
2,6,42,5
2,6,43,5
2,6,44,10
2,6,45,30
2,6,48,10
2,7,0,10
2,7,1,10
2,7,2,10
2,7,7,5
2,7,12,10
2,7,14,10
2,7,16,10
2,7,18,10
2,7,19,5
2,7,22,5
2,7,24,5
2,7,25,5
2,7,30,5
2,7,31,5
2,7,32,5
2,7,33,5
2,7,34,10
2,7,36,5
2,9,1,10
2,9,2,30
2,9,3,10
2,9,4,5
2,9,5,5
2,9,7,5
2,9,9,5
2,9,13,10
2,9,14,5
2,9,15,5
2,9,16,5
2,9,17,5
2,9,20,10
2,9,22,10
2,9,23,5
2,9,24,30
2,9,25,10
2,9,26,10
2,9,28,10
2,9,29,5
2,9,31,5
2,9,33,30
2,9,35,5
2,9,37,5
2,9,38,5
2,9,40,10
2,9,41,5
2,9,42,5
2,9,44,10
2,9,47,5
2,9,48,5
2,10,1,5
2,10,4,5
2,10,5,5
2,10,6,30
2,10,7,10
2,10,10,5
2,10,12,5
2,10,13,5
2,10,15,5
2,10,17,5
2,10,19,10
2,10,20,30
2,10,23,5
2,10,24,5
2,10,27,5
2,10,28,5
2,10,29,10
2,10,31,5
2,10,32,5
2,10,37,5
2,10,38,10
2,10,44,10
2,10,49,30
2,11,2,5
2,11,3,30
2,11,4,5
2,11,6,30
2,11,7,5
2,11,9,30
2,11,11,30
2,11,12,5
2,11,14,30
2,11,16,5
2,11,21,5
2,11,24,5
2,11,26,5
2,11,27,5
2,11,28,10
2,11,29,5
2,11,32,10
2,11,33,5
2,11,37,30
2,11,38,30
2,11,40,10
2,11,41,5
2,11,43,10
2,11,45,5
2,12,1,5
2,12,5,5
2,12,7,10
2,12,11,10
2,12,15,10
2,12,17,5
2,12,20,5
2,12,21,5
2,12,22,10
2,12,24,10
2,12,25,5
2,12,28,5
2,12,29,5
2,12,31,10
2,12,34,10
2,12,35,10
2,12,36,5
2,12,40,5
2,12,46,10
2,12,49,5
2,13,0,10
2,13,3,10
2,13,10,5
2,13,11,5
2,13,14,5
2,13,15,5
2,13,16,5
2,13,17,5
2,13,21,5
2,13,24,5
2,13,25,10
2,13,29,5
2,13,30,10
2,13,31,5
2,13,32,10
2,13,35,10
2,13,36,5
2,13,42,30
2,13,43,30
2,13,46,5
2,13,47,5
2,14,2,30
2,14,5,30
2,14,6,5
2,14,7,10
2,14,14,5
2,14,16,5
2,14,17,5
2,14,24,5
2,14,28,5
2,14,30,5
2,14,31,30
2,14,34,5
2,14,35,5
2,14,44,5
2,14,48,30
2,15,0,5
2,15,2,5
2,15,3,10
2,15,7,10
2,15,9,30
2,15,10,5
2,15,12,5
2,15,14,5
2,15,15,10
2,15,16,30
2,15,18,5
2,15,19,5
2,15,21,10
2,15,24,5
2,15,27,30
2,15,29,5
2,15,31,5
2,15,32,5
2,15,33,5
2,15,35,5
2,15,37,5
2,15,41,5
2,15,42,10
2,15,43,10
2,15,44,5
2,15,48,10
2,15,49,10
2,16,1,10
2,16,2,5
2,16,3,10
2,16,7,10
2,16,11,5
2,16,12,30
2,16,14,5
2,16,15,5
2,16,17,30
2,16,19,5
2,16,23,10
2,16,25,10
2,16,26,30
2,16,27,5
2,16,31,5
2,16,36,5
2,16,40,5
2,16,44,10
2,16,47,30
2,16,49,5
2,17,0,10
2,17,2,10
2,17,6,10
2,17,7,10
2,17,9,5
2,17,12,10
2,17,13,10
2,17,24,5
2,17,31,5
2,17,33,10
2,17,34,5
2,17,36,5
2,17,42,10
2,17,43,5
2,17,44,5
2,17,47,5
2,17,48,10
2,17,49,10
2,18,1,5
2,18,2,5
2,18,3,5
2,18,4,10
2,18,6,10
2,18,11,10
2,18,13,5
2,18,15,5
2,18,16,5
2,18,20,5
2,18,22,5
2,18,24,10
2,18,26,10
2,18,27,5
2,18,29,5
2,18,30,5
2,18,33,30
2,18,36,5
2,18,40,5
2,18,41,5
2,18,43,30
2,18,48,5
2,18,49,5
2,19,0,10
2,19,1,5
2,19,2,5
2,19,4,5
2,19,5,5
2,19,6,5
2,19,9,5
2,19,10,5
2,19,11,5
2,19,13,5
2,19,14,5
2,19,16,10
2,19,19,5
2,19,20,5
2,19,25,5
2,19,26,5
2,19,27,30
2,19,28,5
2,19,29,10
2,19,31,5
2,19,33,10
2,19,34,5
2,19,35,30
2,19,36,30
2,19,37,5
2,19,42,5
2,19,43,5
2,19,44,10
2,19,45,10
2,19,46,5
2,20,1,5
2,20,2,5
2,20,6,5
2,20,7,5
2,20,11,5
2,20,20,5
2,20,24,5
2,20,29,5
2,20,31,5
2,20,34,5
2,20,36,5
2,20,37,5
2,20,38,30
2,20,40,30
2,20,43,5
2,20,48,10
2,21,0,10
2,21,1,10
2,21,5,30
2,21,6,5
2,21,9,5
2,21,10,10
2,21,12,5
2,21,16,10
2,21,19,10
2,21,20,5
2,21,24,5
2,21,26,5
2,21,28,5
2,21,29,10
2,21,30,30
2,21,31,5
2,21,36,10
2,21,37,5
2,21,38,5
2,21,40,5
2,21,43,5
2,21,48,5
2,22,0,5
2,22,4,30
2,22,6,5
2,22,9,10
2,22,10,5
2,22,14,5
2,22,21,5
2,22,22,5
2,22,23,5
2,22,24,5
2,22,28,5
2,22,30,5
2,22,33,10
2,22,34,5
2,22,35,5
2,22,42,5
2,22,43,10
2,22,44,10
2,22,45,10
2,22,46,5
2,22,48,10
2,22,49,5
2,23,4,5
2,23,6,5
2,23,9,5
2,23,10,5
2,23,13,5
2,23,14,5
2,23,16,10
2,23,18,10
2,23,19,5
2,23,20,5
2,23,22,10
2,23,26,5
2,23,27,5
2,23,29,10
2,23,30,10
2,23,31,30
2,23,37,5
2,23,38,5
2,23,40,5
2,23,44,5
2,23,46,5
2,23,48,10
2,24,1,5
2,24,3,5
2,24,4,5
2,24,5,10
2,24,7,10
2,24,9,5
2,24,11,30
2,24,12,5
2,24,13,5
2,24,15,30
2,24,16,30
2,24,17,10
2,24,20,10
2,24,21,30
2,24,23,5
2,24,26,5
2,24,27,10
2,24,30,10
2,24,32,30
2,24,33,30
2,24,34,10
2,24,36,5
2,24,38,5
2,24,41,5
2,24,42,10
2,24,43,5
2,24,44,5
2,24,48,10
2,24,49,30
2,25,0,5
2,25,2,10
2,25,3,5
2,25,4,5
2,25,7,5
2,25,12,10
2,25,13,5
2,25,18,5
2,25,19,5
2,25,21,10
2,25,22,5
2,25,23,5
2,25,24,10
2,25,27,10
2,25,28,5
2,25,42,10
2,25,44,5
2,25,47,5
2,26,0,5
2,26,3,5
2,26,11,10
2,26,12,10
2,26,15,10
2,26,16,5
2,26,18,5
2,26,20,10
2,26,23,5
2,26,24,5
2,26,26,5
2,26,27,5
2,26,28,5
2,26,30,5
2,26,32,30
2,26,36,10
2,26,37,10
2,26,40,30
2,26,41,5
2,26,44,5
2,26,45,10
2,26,49,5
2,27,3,5
2,27,4,10
2,27,5,10
2,27,10,5
2,27,11,10
2,27,12,5
2,27,14,5
2,27,15,5
2,27,17,10
2,27,20,5
2,27,24,5
2,27,26,5
2,27,27,5
2,27,28,5
2,27,34,30
2,27,38,10
2,27,42,5
2,27,49,5
2,28,0,5
2,28,2,5
2,28,4,5
2,28,9,30
2,28,12,5
2,28,14,5
2,28,16,5
2,28,18,10
2,28,19,5
2,28,20,10
2,28,21,10
2,28,22,30
2,28,23,10
2,28,27,10
2,28,30,30
2,28,33,30
2,28,34,5
2,28,36,10
2,28,41,5
2,28,42,10
2,28,43,10
2,28,46,5
2,28,49,5
2,29,0,10
2,29,2,5
2,29,5,5
2,29,11,10
2,29,12,30
2,29,14,30
2,29,18,30
2,29,19,5
2,29,20,10
2,29,23,5
2,29,24,5
2,29,25,10
2,29,27,5
2,29,28,10
2,29,30,5
2,29,31,10
2,29,35,5
2,29,38,5
2,29,40,30
2,29,42,5
2,29,43,5
2,29,46,30
2,29,47,5
2,29,48,5
2,30,1,5
2,30,3,5
2,30,5,5
2,30,6,10
2,30,7,10
2,30,13,5
2,30,14,5
2,30,17,10
2,30,20,5
2,30,21,5
2,30,23,30
2,30,24,5
2,30,25,5
2,30,26,5
2,30,27,5
2,30,28,10
2,30,29,10
2,30,31,10
2,30,33,5
2,30,36,30
2,30,45,5
2,30,46,10
2,30,48,5
2,31,0,5
2,31,3,10
2,31,4,5
2,31,6,30
2,31,15,10
2,31,16,10
2,31,18,10
2,31,19,5
2,31,21,5
2,31,24,5
2,31,26,5
2,31,28,10
2,31,30,5
2,31,31,10
2,31,32,5
2,31,34,30
2,31,35,10
2,31,36,10
2,31,37,5
2,31,40,10
2,31,42,5
2,31,43,5
2,31,44,5
2,31,47,10
2,31,49,5
2,32,0,10
2,32,4,5
2,32,5,5
2,32,7,5
2,32,9,5
2,32,10,5
2,32,11,30
2,32,14,10
2,32,16,5
2,32,17,10
2,32,21,10
2,32,22,5
2,32,25,10
2,32,30,5
2,32,31,10
2,32,33,5
2,32,34,10
2,32,35,5
2,32,37,5
2,32,40,5
2,32,41,30
2,32,43,5
2,32,44,5
2,32,46,30
2,32,47,5
2,32,49,5
2,33,4,10
2,33,6,10
2,33,9,5
2,33,10,10
2,33,11,5
2,33,12,10
2,33,13,10
2,33,14,30
2,33,15,5
2,33,29,10
2,33,31,5
2,33,33,5
2,33,34,10
2,33,35,5
2,33,37,5
2,33,38,5
2,33,41,5
2,33,42,10
2,33,43,10
2,33,44,10
2,33,45,10
2,33,46,5
2,33,47,10
2,33,48,10
2,33,49,5
2,34,2,30
2,34,3,5
2,34,9,5
2,34,11,10
2,34,12,5
2,34,13,5
2,34,14,5
2,34,15,5
2,34,16,5
2,34,18,5
2,34,19,5
2,34,20,10
2,34,23,10
2,34,26,5
2,34,27,5
2,34,31,5
2,34,32,5
2,34,33,30
2,34,38,5
2,34,42,5
2,34,43,5
2,34,45,30
2,34,46,10
2,34,47,30
2,34,48,5
2,34,49,5
2,35,0,5
2,35,3,5
2,35,4,5
2,35,5,10
2,35,6,5
2,35,7,5
2,35,10,5
2,35,12,5
2,35,13,10
2,35,14,5
2,35,16,10
2,35,17,5
2,35,18,10
2,35,20,10
2,35,21,10
2,35,23,10
2,35,29,10
2,35,31,5
2,35,33,5
2,35,36,30
2,35,38,5
2,35,40,5
2,35,44,10
2,35,45,10
2,35,46,10
2,35,47,5
2,35,48,5
2,36,0,30
2,36,1,10
2,36,4,5
2,36,5,5
2,36,7,5
2,36,9,10
2,36,10,10
2,36,11,5
2,36,13,30
2,36,16,5
2,36,18,10
2,36,19,10
2,36,20,10
2,36,21,30
2,36,22,10
2,36,23,5
2,36,27,30
2,36,30,5
2,36,31,5
2,36,34,5
2,36,36,5
2,36,37,10
2,36,41,5
2,36,43,10
2,36,44,5
2,36,45,30
2,36,46,5
2,36,47,10
2,36,48,5
2,36,49,5
2,37,2,5
2,37,3,5
2,37,4,10
2,37,6,5
2,37,11,5
2,37,12,5
2,37,14,30
2,37,17,10
2,37,18,10
2,37,19,5
2,37,21,5
2,37,22,5
2,37,23,30
2,37,27,30
2,37,30,5
2,37,36,10
2,37,37,10
2,37,38,10
2,37,40,5
2,37,43,10
2,37,44,5
2,37,45,5
2,37,48,10
2,37,49,5
2,38,0,30
2,38,1,30
2,38,4,5
2,38,6,5
2,38,7,5
2,38,9,10
2,38,12,30
2,38,16,10
2,38,19,5
2,38,21,5
2,38,22,30
2,38,27,30
2,38,29,5
2,38,31,30
2,38,32,5
2,38,33,30
2,38,37,10
2,38,38,5
2,38,41,5
2,38,44,10
2,38,45,5
2,38,49,10
2,40,0,10
2,40,1,5
2,40,3,10
2,40,4,5
2,40,5,10
2,40,7,5
2,40,9,5
2,40,10,5
2,40,12,5
2,40,13,30
2,40,15,5
2,40,16,10
2,40,18,30
2,40,19,5
2,40,22,5
2,40,23,10
2,40,24,5
2,40,27,5
2,40,30,30
2,40,32,10
2,40,33,10
2,40,35,5
2,40,36,30
2,40,37,5
2,40,40,5
2,40,41,5
2,40,42,5
2,40,44,5
2,40,45,5
2,40,49,10
2,41,1,10
2,41,2,5
2,41,5,10
2,41,9,5
2,41,10,5
2,41,13,5
2,41,14,10
2,41,15,5
2,41,18,5
2,41,20,10
2,41,21,10
2,41,23,5
2,41,24,5
2,41,25,10
2,41,30,10
2,41,32,30
2,41,33,10
2,41,34,5
2,41,35,30
2,41,36,10
2,41,37,5
2,41,38,5
2,41,40,30
2,41,43,5
2,41,45,5
2,41,48,10
2,41,49,30
2,42,1,5
2,42,2,5
2,42,6,5
2,42,7,10
2,42,9,10
2,42,11,5
2,42,14,5
2,42,17,5
2,42,19,30
2,42,25,30
2,42,26,10
2,42,29,10
2,42,30,10
2,42,31,5
2,42,32,5
2,42,35,5
2,42,43,5
2,42,44,10
2,42,45,10
2,42,47,10
2,42,48,5
2,42,49,5
2,43,0,30
2,43,1,5
2,43,2,5
2,43,3,5
2,43,4,10
2,43,9,10
2,43,10,5
2,43,11,5
2,43,13,5
2,43,14,10
2,43,15,30
2,43,16,10
2,43,17,5
2,43,19,5
2,43,20,5
2,43,21,5
2,43,23,5
2,43,24,5
2,43,25,5
2,43,26,10
2,43,29,10
2,43,30,5
2,43,31,5
2,43,34,5
2,43,35,10
2,43,36,30
2,43,41,10
2,43,44,5
2,43,45,30
2,43,47,5
2,43,48,5
2,43,49,5
2,44,1,5
2,44,5,5
2,44,10,10
2,44,11,10
2,44,12,5
2,44,13,10
2,44,16,5
2,44,19,10
2,44,24,10
2,44,27,10
2,44,28,5
2,44,33,5
2,44,34,5
2,44,36,10
2,44,37,10
2,44,41,5
2,44,42,10
2,44,43,10
2,44,45,5
2,45,5,10
2,45,11,10
2,45,12,5
2,45,14,10
2,45,15,5
2,45,16,5
2,45,17,5
2,45,21,5
2,45,22,5
2,45,23,5
2,45,26,30
2,45,27,10
2,45,29,30
2,45,32,30
2,45,35,5
2,45,36,5
2,45,37,30
2,45,38,30
2,45,40,10
2,45,43,10
2,45,44,10
2,46,0,10
2,46,2,10
2,46,6,5
2,46,9,5
2,46,10,5
2,46,11,5
2,46,18,5
2,46,24,5
2,46,26,10
2,46,27,10
2,46,28,5
2,46,31,10
2,46,32,30
2,46,37,5
2,46,38,5
2,46,40,10
2,46,44,30
2,46,47,5
2,46,48,5
2,46,49,5
2,47,1,10
2,47,2,5
2,47,3,5
2,47,7,5
2,47,9,10
2,47,10,10
2,47,11,10
2,47,12,5
2,47,13,30
2,47,16,5
2,47,18,5
2,47,19,5
2,47,20,5
2,47,22,30
2,47,24,10
2,47,25,5
2,47,26,30
2,47,27,5
2,47,28,10
2,47,34,5
2,47,40,10
2,47,42,5
2,47,43,5
2,47,46,10
2,47,47,10
2,47,48,5
2,48,1,5
2,48,3,5
2,48,4,10
2,48,5,5
2,48,6,5
2,48,7,5
2,48,9,5
2,48,11,5
2,48,12,5
2,48,14,30
2,48,15,5
2,48,18,5
2,48,19,10
2,48,23,5
2,48,24,10
2,48,27,10
2,48,28,10
2,48,29,5
2,48,31,5
2,48,41,5
2,48,42,5
2,48,43,5
2,48,44,5
2,48,45,10
2,48,47,5
2,48,49,5
2,49,2,30
2,49,5,5
2,49,9,10
2,49,14,5
2,49,17,5
2,49,18,5
2,49,21,10
2,49,22,5
2,49,25,5
2,49,27,10
2,49,30,5
2,49,32,10
2,49,33,10
2,49,34,5
2,49,35,5
2,49,38,5
2,49,40,5
2,49,43,5
2,49,44,5
2,49,46,5
2,49,47,5
2,49,49,5
3,1,1,10
3,1,2,5
3,1,3,10
3,1,4,5
3,1,7,30
3,1,11,5
3,1,12,10
3,1,13,5
3,1,14,5
3,1,15,30
3,1,20,5
3,1,24,5
3,1,27,10
3,1,28,5
3,1,29,10
3,1,31,5
3,1,33,5
3,1,38,5
3,1,40,5
3,1,41,5
3,1,43,10
3,1,45,5
3,1,49,5
3,2,3,10
3,2,15,5
3,2,16,5
3,2,18,5
3,2,20,10
3,2,24,5
3,2,27,30
3,2,28,5
3,2,29,10
3,2,30,5
3,2,31,5
3,2,32,5
3,2,33,5
3,2,36,10
3,2,40,5
3,2,41,5
3,2,43,10
3,2,45,5
3,2,47,5
3,2,48,5
3,3,3,5
3,3,4,10
3,3,5,5
3,3,11,10
3,3,12,30
3,3,24,10
3,3,26,10
3,3,28,30
3,3,29,10
3,3,36,5
3,3,43,5
3,3,45,5
3,3,46,5
3,3,47,5
3,3,48,5
3,3,49,5
3,4,2,5
3,4,4,10
3,4,6,10
3,4,7,5
3,4,8,5
3,4,11,30
3,4,13,10
3,4,17,5
3,4,18,10
3,4,20,10
3,4,23,5
3,4,27,5
3,4,29,5
3,4,30,30
3,4,31,10
3,4,32,5
3,4,34,10
3,4,40,5
3,4,43,10
3,5,1,5
3,5,2,5
3,5,7,5
3,5,8,5
3,5,14,10
3,5,15,5
3,5,17,10
3,5,18,30
3,5,23,10
3,5,27,30
3,5,32,10
3,5,34,10
3,5,36,10
3,5,41,5
3,5,43,5
3,5,44,5
3,5,45,5
3,5,47,10
3,5,48,5
3,6,4,10
3,6,5,30
3,6,6,5
3,6,7,5
3,6,10,10
3,6,11,10
3,6,12,5
3,6,17,30
3,6,21,5
3,6,23,5
3,6,24,5
3,6,25,5
3,6,26,30
3,6,28,5
3,6,29,5
3,6,31,10
3,6,33,5
3,6,36,10
3,6,37,30
3,6,45,5
3,6,46,5
3,6,47,5
3,6,48,30
3,7,1,5
3,7,2,5
3,7,3,5
3,7,4,5
3,7,10,5
3,7,11,5
3,7,12,5
3,7,13,5
3,7,14,5
3,7,15,5
3,7,16,10
3,7,17,5
3,7,18,30
3,7,20,10
3,7,24,5
3,7,25,10
3,7,27,5
3,7,29,10
3,7,31,10
3,7,33,5
3,7,36,5
3,7,37,30
3,7,38,10
3,7,43,10
3,7,48,5
3,8,1,10
3,8,2,10
3,8,3,5
3,8,5,5
3,8,6,5
3,8,7,10
3,8,10,5
3,8,12,5
3,8,14,10
3,8,15,5
3,8,18,5
3,8,20,5
3,8,25,10
3,8,26,5
3,8,29,5
3,8,31,5
3,8,32,10
3,8,40,5
3,8,41,10
3,8,45,5
3,8,46,5
3,8,47,5
3,10,1,5
3,10,2,5
3,10,3,5
3,10,6,5
3,10,11,30
3,10,12,5
3,10,13,5
3,10,14,5
3,10,17,5
3,10,23,30
3,10,26,5
3,10,27,5
3,10,29,10
3,10,32,10
3,10,33,30
3,10,34,10
3,10,44,5
3,10,45,10
3,10,46,10
3,10,47,5
3,10,48,5
3,10,49,10
3,11,2,5
3,11,3,5
3,11,6,5
3,11,7,10
3,11,8,30
3,11,10,5
3,11,11,10
3,11,17,30
3,11,18,10
3,11,21,10
3,11,23,5
3,11,33,10
3,11,36,5
3,11,41,10
3,11,44,5
3,11,45,10
3,11,48,5
3,12,1,10
3,12,4,5
3,12,6,30
3,12,7,5
3,12,11,5
3,12,14,5
3,12,20,5
3,12,23,5
3,12,27,5
3,12,30,5
3,12,31,5
3,12,32,5
3,12,33,10
3,12,36,5
3,12,37,10
3,12,41,5
3,12,44,5
3,12,46,5
3,13,1,5
3,13,4,10
3,13,5,5
3,13,6,30
3,13,7,5
3,13,14,10
3,13,16,5
3,13,18,30
3,13,20,5
3,13,21,5
3,13,23,5
3,13,25,10
3,13,26,5
3,13,27,30
3,13,28,10
3,13,30,5
3,13,33,5
3,13,34,5
3,13,36,10
3,13,37,10
3,13,38,30
3,13,41,10
3,13,44,5
3,13,45,30
3,13,46,5
3,13,47,5
3,13,49,5
3,14,3,5
3,14,4,30
3,14,13,5
3,14,24,5
3,14,26,5
3,14,27,10
3,14,31,30
3,14,32,5
3,14,33,5
3,14,41,10
3,14,44,5
3,14,45,5
3,14,49,10
3,15,1,5
3,15,2,5
3,15,5,10
3,15,6,5
3,15,7,5
3,15,8,5
3,15,10,10
3,15,11,10
3,15,12,5
3,15,13,5
3,15,15,5
3,15,16,5
3,15,18,10
3,15,20,5
3,15,23,5
3,15,24,30
3,15,27,5
3,15,28,5
3,15,29,10
3,15,30,30
3,15,34,10
3,15,43,5
3,15,45,5
3,15,48,5
3,15,49,5
3,16,2,10
3,16,5,30
3,16,7,5
3,16,8,10
3,16,10,5
3,16,11,5
3,16,12,5
3,16,13,5
3,16,17,5
3,16,20,10
3,16,28,5
3,16,29,5
3,16,30,10
3,16,32,10
3,16,41,10
3,16,44,5
3,16,46,5
3,16,47,10
3,16,49,5
3,17,1,5
3,17,5,10
3,17,7,30
3,17,10,10
3,17,13,5
3,17,14,5
3,17,20,5
3,17,23,5
3,17,26,30
3,17,28,5
3,17,29,30
3,17,31,10
3,17,32,5
3,17,33,5
3,17,34,30
3,17,37,5
3,17,40,5
3,17,44,5
3,17,45,5
3,17,46,5
3,17,49,10
3,18,1,10
3,18,3,5
3,18,6,30
3,18,8,10
3,18,10,5
3,18,11,10
3,18,16,10
3,18,17,10
3,18,18,10
3,18,20,10
3,18,21,30
3,18,24,5
3,18,25,5
3,18,26,5
3,18,30,10
3,18,31,5
3,18,33,10
3,18,36,10
3,18,41,5
3,18,49,10
3,20,1,5
3,20,2,5
3,20,3,5
3,20,4,5
3,20,8,5
3,20,10,5
3,20,11,5
3,20,12,5
3,20,13,10
3,20,20,5
3,20,23,10
3,20,24,5
3,20,29,5
3,20,30,30
3,20,31,5
3,20,32,5
3,20,33,5
3,20,34,10
3,20,40,5
3,20,45,10
3,20,48,5
3,20,49,5
3,21,5,5
3,21,6,10
3,21,7,5
3,21,8,5
3,21,14,10
3,21,16,5
3,21,18,10
3,21,20,30
3,21,21,5
3,21,26,5
3,21,30,5
3,21,36,30
3,21,38,10
3,21,40,10
3,21,41,10
3,21,45,5
3,21,48,10
3,23,1,5
3,23,6,5
3,23,10,5
3,23,11,10
3,23,14,5
3,23,18,5
3,23,21,10
3,23,23,10
3,23,28,10
3,23,29,5
3,23,30,10
3,23,31,5
3,23,33,5
3,23,34,10
3,23,36,5
3,23,41,5
3,23,44,10
3,23,47,5
3,24,1,5
3,24,4,5
3,24,5,5
3,24,6,5
3,24,10,10
3,24,12,5
3,24,14,5
3,24,16,10
3,24,20,5
3,24,28,5
3,24,31,5
3,24,33,10
3,24,36,10
3,24,37,5
3,24,41,10
3,24,43,10
3,24,45,5
3,24,46,10
3,24,47,10
3,24,48,5
3,24,49,10
3,25,2,5
3,25,4,10
3,25,7,5
3,25,8,5
3,25,10,5
3,25,11,5
3,25,12,10
3,25,13,5
3,25,14,10
3,25,15,30
3,25,18,30
3,25,23,5
3,25,24,5
3,25,27,10
3,25,28,10
3,25,29,5
3,25,32,10
3,25,34,5
3,25,38,5
3,25,44,5
3,25,46,5
3,25,47,5
3,26,2,5
3,26,3,5
3,26,5,10
3,26,8,10
3,26,18,5
3,26,20,5
3,26,21,5
3,26,23,10
3,26,27,5
3,26,30,5
3,26,31,5
3,26,36,5
3,26,37,10
3,26,38,30
3,26,40,5
3,26,43,10
3,26,44,30
3,26,45,5
3,26,47,5
3,26,48,5
3,27,2,5
3,27,4,10
3,27,10,5
3,27,14,5
3,27,24,5
3,27,25,5
3,27,26,5
3,27,27,10
3,27,29,10
3,27,34,10
3,27,38,5
3,27,41,5
3,27,44,5
3,27,46,5
3,27,47,5
3,28,2,5
3,28,11,10
3,28,12,5
3,28,18,5
3,28,21,5
3,28,23,5
3,28,24,5
3,28,25,10
3,28,26,5
3,28,27,5
3,28,28,30
3,28,29,5
3,28,32,5
3,28,37,5
3,28,38,10
3,28,40,5
3,28,41,10
3,28,43,10
3,28,44,5
3,28,45,30
3,28,48,5
3,28,49,5
3,29,1,5
3,29,4,5
3,29,7,10
3,29,14,5
3,29,18,30
3,29,20,5
3,29,23,5
3,29,24,5
3,29,25,5
3,29,27,10
3,29,30,10
3,29,32,5
3,29,33,5
3,29,34,5
3,29,38,5
3,29,40,5
3,29,43,5
3,29,48,5
3,30,2,5
3,30,3,10
3,30,5,30
3,30,8,10
3,30,10,5
3,30,13,10
3,30,15,10
3,30,17,10
3,30,25,30
3,30,26,5
3,30,30,5
3,30,31,5
3,30,32,10
3,30,33,30
3,30,38,10
3,30,40,5
3,30,41,5
3,30,43,10
3,30,44,5
3,30,45,5
3,30,46,10
3,30,47,5
3,30,49,5
3,31,2,5
3,31,4,5
3,31,6,10
3,31,10,5
3,31,11,5
3,31,12,10
3,31,13,5
3,31,14,5
3,31,15,5
3,31,18,5
3,31,21,10
3,31,23,30
3,31,24,10
3,31,29,10
3,31,33,10
3,31,36,30
3,31,40,5
3,31,41,5
3,31,43,30
3,31,48,5
3,32,1,10
3,32,2,30
3,32,5,10
3,32,6,5
3,32,7,5
3,32,8,5
3,32,10,10
3,32,13,5
3,32,14,5
3,32,15,5
3,32,17,30
3,32,21,5
3,32,25,5
3,32,27,10
3,32,28,10
3,32,29,10
3,32,30,10
3,32,31,5
3,32,33,5
3,32,37,5
3,32,38,30
3,32,40,10
3,32,43,5
3,32,44,5
3,32,45,5
3,32,48,10
3,32,49,5
3,33,1,5
3,33,2,5
3,33,3,30
3,33,4,5
3,33,8,5
3,33,11,5
3,33,14,30
3,33,16,5
3,33,17,5
3,33,23,5
3,33,24,5
3,33,25,10
3,33,28,5
3,33,29,10
3,33,30,10
3,33,32,5
3,33,36,5
3,33,37,10
3,33,43,10
3,33,48,5
3,33,49,5
3,34,1,10
3,34,2,10
3,34,3,5
3,34,4,5
3,34,5,5
3,34,6,30
3,34,7,5
3,34,10,5
3,34,12,5
3,34,13,10
3,34,18,5
3,34,20,5
3,34,21,5
3,34,23,5
3,34,24,5
3,34,27,5
3,34,29,5
3,34,30,10
3,34,31,5
3,34,32,30
3,34,33,5
3,34,34,30
3,34,38,5
3,34,40,5
3,34,41,5
3,34,43,10
3,34,44,5
3,34,45,5
3,34,47,10
3,34,49,5
3,36,1,10
3,36,2,5
3,36,3,5
3,36,5,5
3,36,6,30
3,36,7,5
3,36,11,5
3,36,14,5
3,36,16,5
3,36,18,5
3,36,20,5
3,36,21,5
3,36,27,30
3,36,33,5
3,36,34,10
3,36,36,5
3,36,37,10
3,36,38,5
3,36,40,5
3,36,43,5
3,36,47,5
3,36,48,10
3,36,49,10
3,37,1,10
3,37,3,5
3,37,4,5
3,37,7,5
3,37,12,5
3,37,13,10
3,37,16,10
3,37,20,5
3,37,21,5
3,37,25,5
3,37,26,5
3,37,27,5
3,37,28,10
3,37,29,10
3,37,30,5
3,37,33,10
3,37,34,5
3,37,38,10
3,37,40,5
3,37,41,5
3,37,43,10
3,37,44,5
3,37,45,10
3,37,46,10
3,37,49,10
3,38,1,10
3,38,4,5
3,38,5,5
3,38,7,5
3,38,10,30
3,38,11,5
3,38,14,5
3,38,15,5
3,38,16,10
3,38,17,5
3,38,18,5
3,38,20,5
3,38,23,5
3,38,24,5
3,38,25,10
3,38,28,5
3,38,30,5
3,38,31,5
3,38,36,5
3,38,37,10
3,38,38,10
3,38,40,10
3,38,41,10
3,38,43,30
3,38,45,10
3,38,46,30
3,40,2,10
3,40,3,5
3,40,4,10
3,40,5,5
3,40,6,5
3,40,7,10
3,40,12,10
3,40,13,10
3,40,14,5
3,40,15,5
3,40,16,30
3,40,18,5
3,40,20,5
3,40,21,5
3,40,23,5
3,40,25,5
3,40,27,30
3,40,28,5
3,40,29,5
3,40,32,5
3,40,33,5
3,40,34,10
3,40,36,10
3,40,41,5
3,40,44,30
3,40,45,5
3,40,46,5
3,40,47,10
3,41,1,5
3,41,4,10
3,41,5,5
3,41,6,5
3,41,8,5
3,41,12,5
3,41,13,10
3,41,14,10
3,41,16,5
3,41,17,30
3,41,18,5
3,41,20,10
3,41,21,5
3,41,23,5
3,41,24,5
3,41,25,5
3,41,26,5
3,41,28,5
3,41,29,5
3,41,31,5
3,41,32,5
3,41,34,30
3,41,36,5
3,41,38,5
3,41,43,10
3,41,44,10
3,41,45,5
3,43,2,10
3,43,5,10
3,43,7,30
3,43,11,10
3,43,12,5
3,43,13,10
3,43,14,5
3,43,15,10
3,43,17,5
3,43,21,10
3,43,25,10
3,43,26,5
3,43,28,30
3,43,29,5
3,43,30,10
3,43,31,5
3,43,32,10
3,43,33,5
3,43,34,5
3,43,36,5
3,43,40,5
3,43,41,5
3,43,49,10
3,44,3,30
3,44,5,5
3,44,10,5
3,44,12,5
3,44,13,5
3,44,14,10
3,44,15,10
3,44,16,10
3,44,17,10
3,44,18,5
3,44,24,30
3,44,25,10
3,44,27,5
3,44,28,5
3,44,29,10
3,44,34,30
3,44,38,30
3,44,41,10
3,44,43,5
3,44,44,5
3,44,45,5
3,45,2,5
3,45,3,5
3,45,6,30
3,45,16,5
3,45,17,30
3,45,20,5
3,45,21,30
3,45,23,5
3,45,24,5
3,45,25,5
3,45,28,5
3,45,29,10
3,45,30,5
3,45,32,30
3,45,36,10
3,45,38,5
3,45,40,5
3,45,46,5
3,45,48,5
3,45,49,10
3,46,2,5
3,46,4,5
3,46,5,10
3,46,7,5
3,46,8,5
3,46,10,10
3,46,11,5
3,46,13,5
3,46,16,5
3,46,20,30
3,46,23,5
3,46,27,5
3,46,29,5
3,46,30,5
3,46,32,5
3,46,33,5
3,46,36,5
3,46,38,5
3,46,40,5
3,46,44,10
3,46,45,5
3,46,46,5
3,46,47,5
3,47,2,10
3,47,3,30
3,47,4,5
3,47,5,5
3,47,8,5
3,47,11,5
3,47,12,10
3,47,15,5
3,47,16,10
3,47,17,10
3,47,20,5
3,47,21,5
3,47,23,5
3,47,24,5
3,47,25,5
3,47,27,5
3,47,30,5
3,47,33,10
3,47,36,5
3,47,38,5
3,47,40,10
3,47,41,30
3,47,45,10
3,47,46,30
3,47,49,10
3,48,2,30
3,48,5,5
3,48,7,5
3,48,8,5
3,48,12,5
3,48,13,5
3,48,14,10
3,48,15,10
3,48,17,5
3,48,18,5
3,48,24,5
3,48,25,5
3,48,27,5
3,48,28,30
3,48,29,10
3,48,30,5
3,48,31,5
3,48,46,5
3,48,48,5
3,48,49,30
3,49,4,10
3,49,7,5
3,49,11,5
3,49,16,5
3,49,20,5
3,49,23,10
3,49,25,5
3,49,28,10
3,49,29,5
3,49,31,10
3,49,32,10
3,49,33,5
3,49,37,5
3,49,38,5
3,49,40,5
3,49,41,10
3,49,45,30
3,49,46,5
3,49,48,30
4,2,6,5
4,2,8,5
4,2,9,5
4,2,10,30
4,2,13,5
4,2,15,5
4,2,17,30
4,2,21,5
4,2,22,5
4,2,25,5
4,2,32,5
4,2,35,10
4,2,37,5
4,2,38,5
4,2,39,10
4,2,42,5
4,2,44,5
4,2,45,30
4,2,46,10
4,3,2,5
4,3,3,5
4,3,4,5
4,3,5,30
4,3,7,5
4,3,9,10
4,3,12,5
4,3,14,10
4,3,15,5
4,3,16,5
4,3,17,5
4,3,19,10
4,3,23,5
4,3,25,5
4,3,26,10
4,3,28,5
4,3,29,5
4,3,32,5
4,3,36,5
4,3,39,10
4,3,41,5
4,3,42,5
4,3,47,10
4,3,49,30
4,4,2,5
4,4,4,5
4,4,5,10
4,4,6,10
4,4,7,10
4,4,10,5
4,4,16,10
4,4,17,5
4,4,20,5
4,4,22,5
4,4,28,5
4,4,29,5
4,4,35,5
4,4,38,10
4,4,41,5
4,4,42,5
4,4,45,5
4,4,46,30
4,4,48,10
4,5,2,10
4,5,3,5
4,5,8,5
4,5,11,5
4,5,13,5
4,5,14,10
4,5,15,10
4,5,17,30
4,5,19,10
4,5,20,30
4,5,22,5
4,5,23,10
4,5,24,5
4,5,30,10
4,5,32,10
4,5,38,5
4,5,39,5
4,5,41,5
4,5,42,5
4,5,47,5
4,5,49,10
4,6,4,5
4,6,5,5
4,6,6,5
4,6,7,30
4,6,10,30
4,6,11,5
4,6,12,10
4,6,15,5
4,6,17,5
4,6,19,5
4,6,23,5
4,6,24,5
4,6,26,10
4,6,30,10
4,6,31,5
4,6,32,10
4,6,34,10
4,6,35,10
4,6,36,10
4,6,37,10
4,6,38,5
4,6,40,5
4,6,41,5
4,6,48,5
4,6,49,5
4,7,3,5
4,7,4,10
4,7,6,5
4,7,9,5
4,7,10,5
4,7,12,10
4,7,15,30
4,7,16,5
4,7,20,10
4,7,21,10
4,7,26,5
4,7,28,5
4,7,30,5
4,7,32,5
4,7,37,5
4,7,38,10
4,7,40,5
4,7,41,5
4,7,46,5
4,7,47,5
4,7,48,10
4,7,49,5
4,8,3,10
4,8,6,5
4,8,7,30
4,8,10,30
4,8,12,5
4,8,13,5
4,8,16,10
4,8,17,5
4,8,22,5
4,8,23,5
4,8,24,5
4,8,28,10
4,8,29,5
4,8,30,5
4,8,31,30
4,8,32,5
4,8,34,10
4,8,36,5
4,8,37,30
4,8,38,5
4,8,41,5
4,8,45,5
4,8,46,5
4,8,47,5
4,8,48,5
4,9,4,5
4,9,5,5
4,9,6,5
4,9,13,5
4,9,16,5
4,9,25,5
4,9,26,5
4,9,32,5
4,9,35,30
4,9,37,5
4,9,39,30
4,9,40,10
4,9,45,5
4,9,46,5
4,9,48,5
4,9,49,5
4,10,2,5
4,10,5,5
4,10,8,10
4,10,11,5
4,10,12,30
4,10,14,10
4,10,16,5
4,10,17,10
4,10,19,30
4,10,23,5
4,10,24,5
4,10,25,10
4,10,26,30
4,10,28,10
4,10,32,5
4,10,34,10
4,10,35,5
4,10,39,5
4,10,40,10
4,10,42,30
4,10,48,10
4,10,49,5
4,11,2,5
4,11,3,10
4,11,4,30
4,11,5,10
4,11,6,10
4,11,16,5
4,11,17,5
4,11,23,30
4,11,24,5
4,11,25,5
4,11,28,5
4,11,31,10
4,11,34,10
4,11,37,5
4,11,38,10
4,11,40,5
4,11,41,5
4,11,42,10
4,11,45,10
4,11,46,5
4,12,3,5
4,12,7,10
4,12,9,30
4,12,10,10
4,12,11,5
4,12,13,5
4,12,14,10
4,12,15,30
4,12,16,5
4,12,17,10
4,12,19,5
4,12,22,10
4,12,23,5
4,12,30,10
4,12,31,5
4,12,32,5
4,12,34,5
4,12,35,5
4,12,36,10
4,12,38,10
4,12,41,5
4,12,45,10
4,12,46,5
4,13,9,5
4,13,13,10
4,13,15,10
4,13,16,5
4,13,19,10
4,13,22,5
4,13,23,5
4,13,24,10
4,13,26,10
4,13,29,5
4,13,36,30
4,13,38,10
4,13,40,10
4,13,41,5
4,13,42,10
4,13,44,5
4,13,45,30
4,13,48,5
4,14,2,5
4,14,3,5
4,14,5,10
4,14,7,10
4,14,12,5
4,14,13,30
4,14,14,10
4,14,15,10
4,14,20,5
4,14,21,5
4,14,23,10
4,14,25,10
4,14,26,5
4,14,29,5
4,14,32,30
4,14,38,5
4,14,39,10
4,14,46,10
4,14,48,5
4,15,2,10
4,15,3,30
4,15,5,5
4,15,6,10
4,15,9,5
4,15,10,5
4,15,11,5
4,15,13,5
4,15,17,5
4,15,19,30
4,15,24,5
4,15,25,5
4,15,28,10
4,15,29,5
4,15,30,10
4,15,31,10
4,15,35,5
4,15,36,5
4,15,38,5
4,15,40,30
4,15,41,10
4,15,42,10
4,15,44,5
4,15,46,10
4,15,47,5
4,15,48,5
4,16,3,10
4,16,4,10
4,16,5,5
4,16,6,5
4,16,7,10
4,16,8,5
4,16,9,5
4,16,11,5
4,16,13,5
4,16,14,10
4,16,15,5
4,16,16,5
4,16,17,30
4,16,22,5
4,16,24,10
4,16,28,5
4,16,30,5
4,16,31,5
4,16,32,10
4,16,40,10
4,16,41,30
4,16,42,5
4,16,46,5
4,16,47,5
4,16,48,30
4,16,49,10
4,17,2,10
4,17,6,10
4,17,7,5
4,17,8,5
4,17,9,10
4,17,10,5
4,17,11,10
4,17,13,10
4,17,16,5
4,17,22,30
4,17,23,5
4,17,26,5
4,17,30,5
4,17,31,5
4,17,36,10
4,17,37,10
4,17,38,5
4,17,39,5
4,17,42,10
4,17,44,5
4,17,45,5
4,19,3,5
4,19,6,5
4,19,7,5
4,19,13,5
4,19,14,5
4,19,16,10
4,19,19,5
4,19,21,5
4,19,22,5
4,19,25,10
4,19,26,10
4,19,28,10
4,19,29,30
4,19,30,5
4,19,31,5
4,19,32,5
4,19,34,10
4,19,35,5
4,19,36,10
4,19,37,10
4,19,38,10
4,19,39,5
4,19,42,5
4,19,44,5
4,19,46,5
4,19,48,5
4,19,49,5
4,20,5,30
4,20,6,5
4,20,8,10
4,20,10,10
4,20,11,5
4,20,12,5
4,20,14,5
4,20,15,10
4,20,16,10
4,20,17,10
4,20,21,30
4,20,23,5
4,20,34,10
4,20,35,10
4,20,36,30
4,20,37,5
4,20,39,10
4,20,41,5
4,20,42,5
4,20,44,30
4,20,48,5
4,20,49,10
4,21,2,5
4,21,4,5
4,21,5,30
4,21,7,10
4,21,9,5
4,21,10,5
4,21,11,10
4,21,14,10
4,21,15,10
4,21,19,5
4,21,20,5
4,21,22,5
4,21,24,30
4,21,26,10
4,21,28,10
4,21,31,5
4,21,32,5
4,21,34,5
4,21,35,5
4,21,39,5
4,21,41,5
4,21,44,5
4,21,47,10
4,21,49,10
4,22,2,10
4,22,5,5
4,22,9,5
4,22,10,10
4,22,15,5
4,22,17,10
4,22,19,10
4,22,20,5
4,22,21,5
4,22,28,10
4,22,30,5
4,22,31,5
4,22,32,5
4,22,34,5
4,22,35,5
4,22,38,5
4,22,44,10
4,22,47,5
4,22,49,5
4,23,2,5
4,23,3,5
4,23,4,5
4,23,5,10
4,23,6,5
4,23,8,5
4,23,15,5
4,23,16,10
4,23,25,5
4,23,28,5
4,23,30,10
4,23,31,5
4,23,32,5
4,23,34,5
4,23,35,5
4,23,38,5
4,23,40,5
4,23,44,5
4,23,45,10
4,24,8,5
4,24,9,10
4,24,14,5
4,24,15,5
4,24,16,30
4,24,19,5
4,24,21,5
4,24,22,5
4,24,23,10
4,24,25,10
4,24,30,5
4,24,34,5
4,24,45,10
4,24,48,10
4,24,49,5
4,25,2,5
4,25,3,5
4,25,4,10
4,25,5,5
4,25,6,5
4,25,7,10
4,25,8,5
4,25,11,5
4,25,12,10
4,25,13,30
4,25,16,5
4,25,17,5
4,25,23,5
4,25,28,5
4,25,29,30
4,25,32,10
4,25,34,5
4,25,39,5
4,25,40,30
4,25,41,5
4,25,46,5
4,25,47,5
4,25,48,10
4,25,49,5
4,26,3,5
4,26,4,10
4,26,5,5
4,26,6,10
4,26,7,30
4,26,8,5
4,26,14,5
4,26,16,5
4,26,25,5
4,26,26,5
4,26,28,5
4,26,30,5
4,26,31,10
4,26,32,30
4,26,34,5
4,26,35,5
4,26,37,10
4,26,39,5
4,26,40,5
4,26,41,5
4,26,44,10
4,26,46,5
4,28,2,5
4,28,3,30
4,28,4,5
4,28,5,5
4,28,10,5
4,28,11,5
4,28,13,5
4,28,14,5
4,28,16,10
4,28,17,10
4,28,20,10
4,28,21,10
4,28,22,10
4,28,26,5
4,28,29,10
4,28,30,5
4,28,31,5
4,28,35,5
4,28,37,5
4,28,38,5
4,28,41,5
4,28,45,10
4,28,48,5
4,29,2,5
4,29,4,10
4,29,6,5
4,29,8,5
4,29,12,5
4,29,16,5
4,29,19,5
4,29,23,5
4,29,25,10
4,29,28,5
4,29,29,5
4,29,30,30
4,29,31,30
4,29,32,5
4,29,34,10
4,29,35,10
4,29,36,5
4,29,39,10
4,29,40,5
4,29,45,5
4,29,46,10
4,29,48,10
4,29,49,10
4,30,2,10
4,30,3,5
4,30,4,5
4,30,5,5
4,30,6,5
4,30,12,5
4,30,14,5
4,30,17,10
4,30,20,10
4,30,22,5
4,30,24,5
4,30,25,5
4,30,28,10
4,30,29,5
4,30,31,5
4,30,37,10
4,30,39,10
4,30,40,5
4,30,41,10
4,30,42,10
4,30,44,5
4,30,45,30
4,30,48,5
4,31,3,10
4,31,4,5
4,31,5,5
4,31,9,5
4,31,11,5
4,31,12,10
4,31,13,30
4,31,19,5
4,31,22,5
4,31,24,5
4,31,28,5
4,31,29,5
4,31,31,5
4,31,32,5
4,31,36,5
4,31,38,5
4,31,40,5
4,31,41,5
4,31,42,5
4,31,46,10
4,31,48,10
4,32,2,5
4,32,3,5
4,32,5,5
4,32,7,30
4,32,14,30
4,32,15,5
4,32,17,10
4,32,19,10
4,32,20,5
4,32,21,5
4,32,22,5
4,32,24,5
4,32,25,10
4,32,29,10
4,32,30,10
4,32,34,5
4,32,36,5
4,32,37,10
4,32,39,10
4,32,45,5
4,32,48,5
4,34,2,5
4,34,5,5
4,34,9,5
4,34,11,10
4,34,13,5
4,34,14,5
4,34,15,5
4,34,16,10
4,34,19,5
4,34,20,5
4,34,23,5
4,34,24,5
4,34,31,5
4,34,32,5
4,34,39,10
4,34,44,5
4,34,45,5
4,34,46,10
4,34,49,5
4,35,5,5
4,35,6,5
4,35,7,30
4,35,8,10
4,35,9,5
4,35,13,5
4,35,14,10
4,35,15,30
4,35,16,5
4,35,20,5
4,35,24,5
4,35,25,5
4,35,26,5
4,35,28,5
4,35,36,10
4,35,38,5
4,35,39,30
4,35,41,5
4,35,42,10
4,35,48,5
4,35,49,5
4,36,2,5
4,36,3,5
4,36,7,30
4,36,8,30
4,36,11,10
4,36,12,10
4,36,13,5
4,36,21,10
4,36,22,5
4,36,23,30
4,36,24,5
4,36,25,10
4,36,28,5
4,36,29,5
4,36,30,5
4,36,31,5
4,36,32,10
4,36,34,10
4,36,35,5
4,36,37,30
4,36,38,5
4,36,41,5
4,36,46,5
4,36,47,5
4,36,48,10
4,37,4,30
4,37,5,10
4,37,7,10
4,37,8,10
4,37,10,5
4,37,12,10
4,37,13,30
4,37,16,5
4,37,21,5
4,37,25,5
4,37,26,5
4,37,30,5
4,37,31,10
4,37,32,5
4,37,36,5
4,37,38,5
4,37,39,5
4,37,40,5
4,37,44,5
4,37,45,5
4,37,47,30
4,38,2,5
4,38,3,5
4,38,4,10
4,38,6,10
4,38,9,30
4,38,11,5
4,38,12,5
4,38,13,5
4,38,14,10
4,38,15,10
4,38,16,30
4,38,20,5
4,38,29,5
4,38,31,5
4,38,32,5
4,38,34,30
4,38,42,10
4,38,46,5
4,38,47,5
4,39,4,10
4,39,7,10
4,39,8,10
4,39,9,10
4,39,10,30
4,39,11,10
4,39,14,10
4,39,15,5
4,39,20,10
4,39,21,5
4,39,22,5
4,39,23,10
4,39,30,5
4,39,31,5
4,39,32,30
4,39,34,5
4,39,35,5
4,39,38,10
4,39,39,5
4,39,41,5
4,39,45,5
4,39,46,5
4,39,48,5
4,40,3,10
4,40,4,10
4,40,5,10
4,40,8,5
4,40,10,10
4,40,11,10
4,40,15,10
4,40,16,5
4,40,23,10
4,40,25,5
4,40,26,10
4,40,29,5
4,40,31,5
4,40,34,5
4,40,36,30
4,40,39,5
4,40,42,5
4,40,47,5
4,40,49,30
4,41,6,5
4,41,8,5
4,41,13,5
4,41,15,10
4,41,16,5
4,41,19,5
4,41,20,5
4,41,24,5
4,41,26,30
4,41,31,30
4,41,36,5
4,41,37,10
4,41,38,10
4,41,40,5
4,41,41,5
4,41,42,30
4,41,47,5
4,41,48,5
4,42,2,5
4,42,4,5
4,42,11,10
4,42,13,5
4,42,14,5
4,42,17,10
4,42,21,30
4,42,24,10
4,42,26,5
4,42,28,5
4,42,29,5
4,42,40,10
4,42,41,5
4,42,46,5
4,42,47,5
4,42,48,5
4,44,3,5
4,44,6,10
4,44,8,5
4,44,9,5
4,44,11,5
4,44,13,5
4,44,14,5
4,44,16,5
4,44,17,5
4,44,20,5
4,44,23,5
4,44,28,5
4,44,29,5
4,44,31,5
4,44,32,5
4,44,36,5
4,44,37,10
4,44,39,10
4,44,40,5
4,44,41,5
4,44,42,5
4,44,49,5
4,45,2,5
4,45,3,30
4,45,4,30
4,45,6,5
4,45,9,5
4,45,10,10
4,45,17,10
4,45,20,10
4,45,21,10
4,45,22,10
4,45,24,10
4,45,32,10
4,45,34,10
4,45,37,5
4,45,39,5
4,45,45,30
4,45,46,5
4,45,48,10
4,46,2,30
4,46,4,10
4,46,7,5
4,46,12,5
4,46,13,5
4,46,15,5
4,46,16,5
4,46,21,5
4,46,29,5
4,46,30,5
4,46,32,5
4,46,36,10
4,46,37,5
4,46,38,10
4,46,39,10
4,46,40,10
4,46,44,10
4,46,47,5
4,46,49,5
4,47,2,5
4,47,4,5
4,47,5,5
4,47,6,5
4,47,7,5
4,47,8,5
4,47,9,5
4,47,10,10
4,47,12,10
4,47,14,10
4,47,16,5
4,47,21,10
4,47,22,5
4,47,23,5
4,47,31,30
4,47,34,5
4,47,36,5
4,47,40,30
4,47,42,30
4,47,44,5
4,47,46,5
4,47,47,5
4,47,49,5
4,48,2,30
4,48,3,10
4,48,5,5
4,48,6,5
4,48,7,5
4,48,9,5
4,48,11,10
4,48,12,5
4,48,13,10
4,48,20,10
4,48,21,5
4,48,25,5
4,48,26,5
4,48,29,5
4,48,31,5
4,48,34,5
4,48,36,10
4,48,39,5
4,48,40,5
4,48,46,10
4,48,47,10
4,49,2,5
4,49,4,30
4,49,7,5
4,49,10,10
4,49,13,5
4,49,14,10
4,49,15,10
4,49,17,5
4,49,19,10
4,49,20,10
4,49,21,5
4,49,22,5
4,49,23,10
4,49,25,5
4,49,30,10
4,49,34,5
4,49,39,30
4,49,42,10
4,49,44,5
4,49,45,10
4,49,48,30
5,0,0,5
5,0,1,5
5,0,2,5
5,0,3,10
5,0,6,5
5,0,7,10
5,0,8,5
5,0,10,10
5,0,16,5
5,0,19,5
5,0,23,5
5,0,24,5
5,0,27,5
5,0,32,5
5,0,33,5
5,0,37,10
5,0,40,5
5,0,42,5
5,0,44,5
5,0,45,5
5,0,47,5
5,0,48,5
5,0,49,5
5,1,3,5
5,1,7,10
5,1,11,5
5,1,12,5
5,1,14,5
5,1,16,5
5,1,17,5
5,1,20,10
5,1,23,5
5,1,25,5
5,1,27,10
5,1,28,5
5,1,35,5
5,1,37,10
5,1,40,5
5,1,41,30
5,1,42,5
5,1,47,10
5,1,49,30
5,2,0,10
5,2,4,5
5,2,5,30
5,2,6,5
5,2,7,30
5,2,11,5
5,2,12,30
5,2,20,5
5,2,21,10
5,2,27,5
5,2,34,5
5,2,36,10
5,2,41,5
5,2,42,10
5,2,44,10
5,2,45,5
5,2,47,10
5,2,48,5
5,2,49,30
5,3,1,10
5,3,2,5
5,3,4,5
5,3,5,30
5,3,6,5
5,3,7,5
5,3,8,5
5,3,10,5
5,3,11,10
5,3,12,10
5,3,13,10
5,3,14,5
5,3,19,10
5,3,20,10
5,3,21,5
5,3,23,5
5,3,24,5
5,3,27,5
5,3,31,5
5,3,35,10
5,3,36,5
5,3,38,5
5,3,40,5
5,3,41,5
5,3,43,10
5,3,44,5
5,3,45,5
5,4,5,5
5,4,6,10
5,4,7,5
5,4,8,5
5,4,9,5
5,4,10,5
5,4,14,5
5,4,17,5
5,4,18,10
5,4,19,10
5,4,25,5
5,4,28,5
5,4,31,30
5,4,33,5
5,4,34,5
5,4,36,10
5,4,37,5
5,4,38,5
5,4,42,5
5,4,43,10
5,4,44,5
5,4,47,10
5,4,48,5
5,4,49,10
5,5,0,10
5,5,2,30
5,5,6,5
5,5,7,10
5,5,8,5
5,5,10,10
5,5,13,5
5,5,20,5
5,5,21,10
5,5,24,10
5,5,28,10
5,5,33,30
5,5,36,10
5,5,37,10
5,5,38,10
5,5,40,10
5,5,47,5
5,6,0,5
5,6,2,5
5,6,4,30
5,6,6,10
5,6,7,5
5,6,8,10
5,6,9,10
5,6,11,5
5,6,13,5
5,6,15,5
5,6,18,5
5,6,19,5
5,6,24,10
5,6,25,5
5,6,26,10
5,6,28,5
5,6,31,10
5,6,33,10
5,6,35,30
5,6,38,5
5,6,40,5
5,6,45,5
5,6,48,10
5,6,49,5
5,7,0,5
5,7,1,10
5,7,2,5
5,7,4,10
5,7,6,10
5,7,8,5
5,7,9,5
5,7,11,10
5,7,12,10
5,7,15,5
5,7,16,5
5,7,18,5
5,7,19,5
5,7,20,10
5,7,21,5
5,7,23,10
5,7,25,10
5,7,27,30
5,7,28,5
5,7,31,5
5,7,32,10
5,7,34,5
5,7,35,5
5,7,36,10
5,7,38,10
5,7,42,10
5,7,45,10
5,7,47,5
5,7,49,5
5,8,0,10
5,8,2,5
5,8,3,5
5,8,4,30
5,8,5,5
5,8,6,5
5,8,10,5
5,8,11,5
5,8,13,5
5,8,15,10
5,8,16,10
5,8,17,30
5,8,19,10
5,8,26,5
5,8,28,5
5,8,33,10
5,8,36,10
5,8,38,5
5,8,41,5
5,8,44,5
5,8,48,5
5,8,49,30
5,9,6,10
5,9,7,10
5,9,15,5
5,9,16,5
5,9,17,30
5,9,20,5
5,9,21,30
5,9,24,5
5,9,26,5
5,9,31,5
5,9,33,10
5,9,34,5
5,9,35,10
5,9,36,5
5,9,37,5
5,9,40,10
5,9,43,5
5,9,48,10
5,10,1,10
5,10,4,5
5,10,5,5
5,10,7,10
5,10,8,10
5,10,12,10
5,10,14,10
5,10,15,10
5,10,17,5
5,10,18,10
5,10,19,10
5,10,21,5
5,10,24,5
5,10,25,10
5,10,27,5
5,10,28,10
5,10,32,5
5,10,33,10
5,10,35,5
5,10,37,5
5,10,40,5
5,10,44,10
5,10,47,30
5,10,48,5
5,10,49,10
5,11,1,10
5,11,5,10
5,11,8,5
5,11,9,5
5,11,10,5
5,11,11,5
5,11,12,5
5,11,13,5
5,11,14,5
5,11,17,5
5,11,19,5
5,11,20,5
5,11,24,30
5,11,25,5
5,11,26,10
5,11,28,5
5,11,35,5
5,11,36,5
5,11,41,10
5,11,47,5
5,11,49,5
5,12,0,5
5,12,1,5
5,12,4,5
5,12,5,5
5,12,6,5
5,12,8,10
5,12,9,5
5,12,10,5
5,12,18,5
5,12,21,5
5,12,24,5
5,12,26,5
5,12,28,5
5,12,31,5
5,12,34,10
5,12,35,5
5,12,36,5
5,12,40,10
5,12,41,5
5,12,43,30
5,12,44,30
5,12,45,5
5,12,48,10
5,12,49,10
5,13,2,5
5,13,6,30
5,13,8,30
5,13,12,5
5,13,13,5
5,13,14,5
5,13,15,10
5,13,18,5
5,13,19,5
5,13,20,10
5,13,21,10
5,13,24,10
5,13,25,10
5,13,31,30
5,13,32,5
5,13,35,5
5,13,38,5
5,13,43,10
5,13,44,10
5,13,47,5
5,13,49,5
5,14,0,10
5,14,2,10
5,14,3,30
5,14,9,10
5,14,12,5
5,14,13,5
5,14,17,5
5,14,21,10
5,14,23,5
5,14,24,5
5,14,25,5
5,14,31,5
5,14,32,5
5,14,35,10
5,14,37,5
5,14,40,5
5,14,42,30
5,14,44,5
5,14,45,10
5,14,49,10
5,15,2,5
5,15,4,10
5,15,5,5
5,15,6,5
5,15,7,5
5,15,9,5
5,15,11,5
5,15,12,10
5,15,13,5
5,15,19,10
5,15,20,10
5,15,23,5
5,15,24,5
5,15,31,10
5,15,34,5
5,15,35,5
5,15,37,10
5,15,38,5
5,15,40,10
5,15,41,5
5,15,43,30
5,15,47,5
5,15,48,10
5,16,1,30
5,16,3,5
5,16,4,10
5,16,8,5
5,16,9,5
5,16,10,5
5,16,11,5
5,16,13,5
5,16,15,5
5,16,17,5
5,16,19,5
5,16,20,5
5,16,24,5
5,16,25,5
5,16,26,30
5,16,27,5
5,16,31,30
5,16,32,10
5,16,33,5
5,16,34,5
5,16,35,10
5,16,37,10
5,16,40,10
5,16,42,10
5,16,43,5
5,16,44,5
5,16,47,10
5,16,48,5
5,17,1,30
5,17,3,10
5,17,7,10
5,17,9,10
5,17,10,5
5,17,13,5
5,17,15,5
5,17,16,5
5,17,17,5
5,17,18,5
5,17,19,5
5,17,24,30
5,17,25,10
5,17,27,10
5,17,31,5
5,17,33,30
5,17,36,10
5,17,38,5
5,17,40,5
5,17,42,5
5,17,43,10
5,17,44,5
5,17,45,5
5,17,48,30
5,18,2,10
5,18,3,10
5,18,5,5
5,18,6,5
5,18,7,5
5,18,13,30
5,18,14,5
5,18,17,5
5,18,18,5
5,18,19,5
5,18,20,10
5,18,23,10
5,18,26,5
5,18,31,30
5,18,32,5
5,18,34,5
5,18,35,10
5,18,41,30
5,18,42,10
5,18,43,5
5,18,44,5
5,18,45,30
5,18,47,5
5,18,48,5
5,18,49,30
5,19,0,5
5,19,1,5
5,19,4,10
5,19,5,30
5,19,6,5
5,19,8,30
5,19,9,5
5,19,10,10
5,19,12,5
5,19,13,5
5,19,15,30
5,19,16,5
5,19,21,5
5,19,25,30
5,19,26,5
5,19,27,5
5,19,34,10
5,19,35,10
5,19,36,30
5,19,38,5
5,19,42,5
5,19,47,30
5,19,48,10
5,19,49,5
5,20,1,10
5,20,4,5
5,20,8,10
5,20,10,5
5,20,11,5
5,20,12,5
5,20,16,5
5,20,17,5
5,20,18,5
5,20,19,5
5,20,23,5
5,20,27,5
5,20,28,5
5,20,31,5
5,20,35,5
5,20,41,5
5,20,43,5
5,20,44,10
5,20,45,10
5,21,1,30
5,21,4,5
5,21,7,5
5,21,8,5
5,21,9,30
5,21,12,5
5,21,13,30
5,21,16,10
5,21,17,5
5,21,19,5
5,21,24,10
5,21,27,5
5,21,28,5
5,21,32,5
5,21,33,5
5,21,34,5
5,21,36,5
5,21,38,5
5,21,40,10
5,21,41,5
5,21,42,5
5,21,44,5
5,21,47,10
5,21,48,5
5,23,0,10
5,23,1,5
5,23,3,5
5,23,4,5
5,23,5,5
5,23,6,30
5,23,7,5
5,23,11,30
5,23,13,10
5,23,14,5
5,23,16,5
5,23,17,5
5,23,18,10
5,23,21,5
5,23,23,5
5,23,24,5
5,23,26,10
5,23,28,5
5,23,31,10
5,23,32,5
5,23,33,5
5,23,35,5
5,23,38,5
5,23,43,5
5,23,44,5
5,23,48,5
5,23,49,10
5,24,2,5
5,24,4,5
5,24,7,5
5,24,10,5
5,24,11,5
5,24,12,5
5,24,16,5
5,24,17,10
5,24,18,5
5,24,21,5
5,24,23,5
5,24,25,5
5,24,26,5
5,24,27,10
5,24,28,10
5,24,31,10
5,24,34,5
5,24,35,10
5,24,36,5
5,24,37,5
5,24,40,5
5,24,41,5
5,24,42,5
5,24,45,5
5,24,47,5
5,25,1,10
5,25,4,10
5,25,6,5
5,25,7,30
5,25,10,10
5,25,11,5
5,25,17,5
5,25,19,5
5,25,20,5
5,25,21,5
5,25,27,5
5,25,33,5
5,25,35,10
5,25,43,5
5,25,44,10
5,25,47,5
5,26,0,5
5,26,5,10
5,26,7,10
5,26,8,5
5,26,10,30
5,26,11,10
5,26,12,30
5,26,14,5
5,26,15,30
5,26,16,10
5,26,17,5
5,26,18,10
5,26,19,5
5,26,20,5
5,26,23,5
5,26,24,5
5,26,27,10
5,26,31,5
5,26,32,5
5,26,33,5
5,26,34,10
5,26,36,10
5,26,37,5
5,26,38,5
5,26,40,30
5,26,41,5
5,26,44,5
5,26,47,5
5,26,48,5
5,26,49,5
5,27,1,10
5,27,3,5
5,27,4,30
5,27,5,10
5,27,6,10
5,27,8,5
5,27,10,5
5,27,11,5
5,27,12,30
5,27,13,10
5,27,14,10
5,27,15,10
5,27,18,5
5,27,19,5
5,27,21,5
5,27,24,5
5,27,27,30
5,27,33,10
5,27,35,10
5,27,37,5
5,27,38,5
5,27,40,5
5,27,41,5
5,27,42,5
5,27,43,5
5,27,45,5
5,27,48,10
5,27,49,10
5,28,0,10
5,28,1,5
5,28,2,5
5,28,3,10
5,28,4,5
5,28,6,5
5,28,7,10
5,28,17,5
5,28,18,10
5,28,20,5
5,28,21,10
5,28,25,30
5,28,26,10
5,28,33,10
5,28,34,10
5,28,38,5
5,28,40,10
5,28,44,10
5,28,47,5
5,28,48,10
5,31,0,10
5,31,2,30
5,31,3,5
5,31,4,10
5,31,6,5
5,31,9,10
5,31,14,10
5,31,16,5
5,31,20,10
5,31,23,30
5,31,25,5
5,31,26,5
5,31,27,5
5,31,33,5
5,31,35,5
5,31,42,10
5,31,43,10
5,31,48,30
5,31,49,10
5,32,1,5
5,32,3,5
5,32,6,5
5,32,10,10
5,32,14,10
5,32,15,10
5,32,17,5
5,32,23,5
5,32,25,30
5,32,33,10
5,32,35,5
5,32,36,5
5,32,37,5
5,32,38,10
5,32,40,5
5,32,41,30
5,32,44,30
5,32,47,5
5,32,48,5
5,33,1,30
5,33,4,5
5,33,5,30
5,33,6,5
5,33,8,10
5,33,9,5
5,33,10,5
5,33,11,5
5,33,12,5
5,33,13,5
5,33,15,10
5,33,19,30
5,33,20,5
5,33,21,5
5,33,33,5
5,33,34,5
5,33,35,30
5,33,36,10
5,33,40,5
5,33,44,5
5,33,48,10
5,34,0,5
5,34,1,10
5,34,4,10
5,34,5,10
5,34,6,5
5,34,7,5
5,34,9,5
5,34,10,5
5,34,12,5
5,34,13,10
5,34,14,5
5,34,15,5
5,34,16,5
5,34,17,5
5,34,18,5
5,34,20,30
5,34,27,10
5,34,33,10
5,34,34,5
5,34,37,10
5,34,40,5
5,34,41,5
5,34,44,5
5,34,45,30
5,34,47,5
5,34,48,10
5,34,49,5
5,35,2,5
5,35,3,10
5,35,8,5
5,35,10,5
5,35,11,30
5,35,14,10
5,35,15,5
5,35,17,10
5,35,18,5
5,35,19,5
5,35,20,5
5,35,23,5
5,35,27,30
5,35,33,5
5,35,35,5
5,35,40,5
5,35,47,30
5,36,4,10
5,36,5,5
5,36,6,5
5,36,7,5
5,36,8,10
5,36,10,10
5,36,11,10
5,36,15,5
5,36,17,10
5,36,20,10
5,36,21,10
5,36,26,5
5,36,27,5
5,36,28,5
5,36,37,10
5,36,40,5
5,36,43,5
5,36,44,5
5,36,48,5
5,36,49,5
5,37,0,5
5,37,1,5
5,37,2,5
5,37,3,30
5,37,4,5
5,37,5,10
5,37,6,5
5,37,8,5
5,37,9,10
5,37,10,10
5,37,11,5
5,37,13,10
5,37,14,5
5,37,16,5
5,37,18,5
5,37,19,5
5,37,20,5
5,37,21,5
5,37,23,10
5,37,24,30
5,37,25,10
5,37,26,10
5,37,27,10
5,37,28,30
5,37,31,30
5,37,34,5
5,37,37,5
5,37,41,5
5,37,42,10
5,37,43,5
5,37,44,5
5,38,1,5
5,38,3,10
5,38,4,5
5,38,5,30
5,38,6,5
5,38,8,5
5,38,9,10
5,38,10,10
5,38,11,30
5,38,13,10
5,38,14,10
5,38,15,5
5,38,16,5
5,38,21,5
5,38,24,10
5,38,25,30
5,38,28,5
5,38,33,5
5,38,35,10
5,38,37,10
5,38,38,5
5,38,40,30
5,38,43,10
5,38,44,5
5,38,45,5
5,38,48,5
5,40,0,5
5,40,1,5
5,40,2,5
5,40,5,10
5,40,6,10
5,40,7,10
5,40,9,10
5,40,10,5
5,40,12,30
5,40,17,10
5,40,18,5
5,40,23,5
5,40,24,5
5,40,26,10
5,40,27,5
5,40,28,30
5,40,35,5
5,40,36,10
5,40,38,5
5,40,40,30
5,40,43,5
5,40,44,5
5,40,47,10
5,41,0,10
5,41,1,5
5,41,2,10
5,41,8,5
5,41,11,10
5,41,12,5
5,41,18,5
5,41,19,5
5,41,20,30
5,41,23,5
5,41,26,30
5,41,31,10
5,41,37,10
5,41,41,10
5,41,43,5
5,41,44,30
5,41,45,10
5,41,47,5
5,41,48,10
5,42,1,5
5,42,2,10
5,42,3,5
5,42,7,5
5,42,8,10
5,42,9,5
5,42,10,5
5,42,11,30
5,42,12,5
5,42,13,10
5,42,14,5
5,42,18,30
5,42,20,5
5,42,21,30
5,42,23,10
5,42,24,10
5,42,25,10
5,42,26,10
5,42,27,5
5,42,28,5
5,42,40,5
5,42,41,5
5,42,42,5
5,42,43,30
5,42,44,5
5,42,45,5
5,42,49,5
5,43,4,10
5,43,8,5
5,43,10,5
5,43,11,5
5,43,12,5
5,43,14,5
5,43,15,30
5,43,16,5
5,43,17,30
5,43,18,5
5,43,19,5
5,43,20,5
5,43,21,5
5,43,23,5
5,43,28,5
5,43,31,5
5,43,32,10
5,43,34,5
5,43,36,5
5,43,44,5
5,43,48,5
5,44,1,5
5,44,2,5
5,44,3,5
5,44,4,5
5,44,6,5
5,44,7,5
5,44,10,10
5,44,11,10
5,44,12,10
5,44,13,10
5,44,18,5
5,44,21,5
5,44,23,10
5,44,25,5
5,44,26,5
5,44,27,5
5,44,33,10
5,44,34,5
5,44,35,5
5,44,36,10
5,44,37,5
5,44,38,5
5,44,42,10
5,44,44,5
5,45,0,5
5,45,1,5
5,45,3,5
5,45,4,10
5,45,5,5
5,45,7,30
5,45,11,10
5,45,15,5
5,45,18,5
5,45,19,30
5,45,21,30
5,45,23,5
5,45,27,5
5,45,31,5
5,45,35,5
5,45,36,5
5,45,37,5
5,45,38,5
5,45,40,5
5,45,41,30
5,45,42,10
5,45,43,10
5,45,44,5
5,45,47,30
5,45,48,5
5,47,1,10
5,47,2,5
5,47,3,10
5,47,4,5
5,47,5,5
5,47,6,5
5,47,8,5
5,47,9,5
5,47,10,5
5,47,13,5
5,47,17,5
5,47,19,5
5,47,21,5
5,47,26,10
5,47,32,5
5,47,33,5
5,47,34,5
5,47,36,5
5,47,40,5
5,47,44,5
5,47,45,5
5,48,2,10
5,48,4,5
5,48,5,5
5,48,7,5
5,48,8,10
5,48,9,5
5,48,10,5
5,48,12,10
5,48,13,5
5,48,14,10
5,48,15,5
5,48,19,5
5,48,21,5
5,48,23,5
5,48,24,5
5,48,25,5
5,48,32,5
5,48,34,5
5,48,35,5
5,48,37,10
5,48,47,5
5,49,2,10
5,49,7,5
5,49,8,5
5,49,12,5
5,49,14,5
5,49,16,30
5,49,17,10
5,49,19,5
5,49,21,5
5,49,24,30
5,49,25,5
5,49,26,5
5,49,31,30
5,49,32,5
5,49,34,10
5,49,37,10
5,49,41,5
5,49,42,5
5,49,43,5
5,49,48,10
5,49,49,5
6,0,1,5
6,0,2,10
6,0,5,5
6,0,7,5
6,0,9,5
6,0,11,5
6,0,14,10
6,0,16,10
6,0,21,5
6,0,22,5
6,0,26,5
6,0,27,5
6,0,29,5
6,0,30,5
6,0,36,5
6,0,38,10
6,0,39,5
6,0,43,30
6,0,44,5
6,0,45,30
6,0,46,5
6,1,4,5
6,1,8,10
6,1,10,5
6,1,11,10
6,1,14,5
6,1,19,5
6,1,21,5
6,1,23,10
6,1,24,5
6,1,25,10
6,1,30,10
6,1,32,30
6,1,33,5
6,1,35,30
6,1,37,10
6,1,39,5
6,1,40,30
6,1,42,10
6,1,43,5
6,1,46,5
6,1,47,5
6,1,48,5
6,2,0,30
6,2,4,5
6,2,5,10
6,2,6,10
6,2,7,10
6,2,11,30
6,2,14,5
6,2,19,5
6,2,21,10
6,2,22,10
6,2,23,5
6,2,24,5
6,2,25,30
6,2,26,30
6,2,28,5
6,2,29,5
6,2,30,30
6,2,31,10
6,2,32,10
6,2,33,10
6,2,34,30
6,2,35,30
6,2,38,5
6,2,41,10
6,2,45,5
6,2,46,10
6,2,47,5
6,3,1,5
6,3,4,5
6,3,7,30
6,3,9,10
6,3,17,10
6,3,19,5
6,3,21,10
6,3,22,5
6,3,24,5
6,3,26,10
6,3,28,5
6,3,34,5
6,3,36,10
6,3,38,5
6,3,40,5
6,3,41,5
6,3,48,5
6,4,1,5
6,4,3,5
6,4,5,5
6,4,6,5
6,4,9,10
6,4,10,10
6,4,11,30
6,4,13,5
6,4,14,10
6,4,16,10
6,4,17,10
6,4,21,5
6,4,25,5
6,4,26,30
6,4,27,10
6,4,30,5
6,4,31,5
6,4,33,5
6,4,34,5
6,4,37,5
6,4,39,30
6,4,41,10
6,4,42,5
6,4,44,30
6,4,45,5
6,4,46,30
6,4,47,5
6,5,3,5
6,5,5,30
6,5,6,10
6,5,8,5
6,5,10,5
6,5,12,10
6,5,17,10
6,5,19,10
6,5,21,5
6,5,22,5
6,5,23,30
6,5,30,5
6,5,31,10
6,5,32,10
6,5,33,5
6,5,36,5
6,5,38,10
6,5,41,10
6,5,42,5
6,5,43,5
6,5,44,5
6,5,47,5
6,6,1,5
6,6,5,5
6,6,6,30
6,6,7,5
6,6,10,10
6,6,11,10
6,6,12,5
6,6,14,5
6,6,17,10
6,6,19,5
6,6,21,5
6,6,24,30
6,6,26,5
6,6,27,10
6,6,29,5
6,6,31,5
6,6,32,5
6,6,33,5
6,6,34,10
6,6,35,5
6,6,37,30
6,6,39,5
6,6,41,5
6,6,43,10
6,6,45,10
6,6,46,5
6,6,47,5
6,6,48,10
6,7,1,30
6,7,4,5
6,7,5,5
6,7,6,5
6,7,9,5
6,7,12,30
6,7,16,30
6,7,19,5
6,7,22,5
6,7,23,10
6,7,26,5
6,7,28,5
6,7,30,30
6,7,32,5
6,7,34,10
6,7,35,5
6,7,38,5
6,7,39,5
6,7,40,10
6,7,42,30
6,7,43,5
6,7,45,10
6,7,48,5
6,8,0,10
6,8,4,5
6,8,6,5
6,8,7,10
6,8,9,5
6,8,13,5
6,8,15,30
6,8,16,5
6,8,19,5
6,8,21,5
6,8,22,10
6,8,23,10
6,8,24,5
6,8,25,10
6,8,28,5
6,8,37,5
6,8,38,5
6,8,40,5
6,8,41,5
6,8,42,10
6,8,44,5
6,8,45,10
6,8,46,30
6,8,48,5
6,9,0,5
6,9,6,10
6,9,10,30
6,9,13,10
6,9,22,5
6,9,25,5
6,9,27,5
6,9,29,5
6,9,31,10
6,9,32,10
6,9,33,10
6,9,35,10
6,9,36,10
6,9,37,5
6,9,38,5
6,9,41,5
6,9,42,5
6,9,44,10
6,9,45,30
6,9,48,5
6,10,2,5
6,10,8,5
6,10,10,5
6,10,13,5
6,10,15,5
6,10,19,10
6,10,26,5
6,10,29,5
6,10,31,5
6,10,32,5
6,10,34,5
6,10,35,5
6,10,36,5
6,10,38,30
6,10,40,5
6,10,44,5
6,11,1,30
6,11,2,5
6,11,4,10
6,11,5,5
6,11,7,10
6,11,8,5
6,11,12,10
6,11,13,30
6,11,14,5
6,11,15,10
6,11,16,10
6,11,19,5
6,11,22,5
6,11,27,5
6,11,28,5
6,11,30,10
6,11,38,30
6,11,39,5
6,11,41,5
6,11,42,10
6,11,44,10
6,11,45,5
6,11,47,10
6,11,48,10
6,12,0,10
6,12,1,5
6,12,3,5
6,12,7,10
6,12,9,10
6,12,10,5
6,12,11,5
6,12,13,5
6,12,21,5
6,12,24,5
6,12,27,5
6,12,29,5
6,12,32,10
6,12,33,5
6,12,34,5
6,12,36,10
6,12,39,10
6,12,40,5
6,12,41,5
6,12,43,10
6,12,46,5
6,12,47,10
6,13,2,5
6,13,4,10
6,13,7,5
6,13,8,5
6,13,10,30
6,13,12,10
6,13,15,5
6,13,23,5
6,13,25,30
6,13,26,10
6,13,27,10
6,13,29,5
6,13,31,10
6,13,33,5
6,13,34,5
6,13,35,5
6,13,36,10
6,13,37,5
6,13,39,10
6,13,41,5
6,13,48,5
6,14,1,10
6,14,2,5
6,14,4,5
6,14,6,5
6,14,7,5
6,14,9,5
6,14,10,5
6,14,14,30
6,14,16,5
6,14,17,10
6,14,19,10
6,14,24,10
6,14,25,5
6,14,26,10
6,14,27,10
6,14,31,5
6,14,35,5
6,14,39,5
6,14,41,5
6,14,43,5
6,14,44,10
6,14,47,5
6,14,48,5
6,15,2,10
6,15,3,5
6,15,4,5
6,15,5,10
6,15,10,5
6,15,11,5
6,15,13,10
6,15,15,5
6,15,16,30
6,15,19,5
6,15,21,5
6,15,22,5
6,15,23,10
6,15,28,5
6,15,29,5
6,15,31,5
6,15,35,5
6,15,37,5
6,15,43,5
6,15,44,5
6,15,47,10
6,16,5,5
6,16,6,5
6,16,13,5
6,16,14,5
6,16,16,10
6,16,19,5
6,16,23,10
6,16,24,5
6,16,27,10
6,16,30,10
6,16,33,30
6,16,35,5
6,16,37,5
6,16,38,30
6,16,39,10
6,16,40,5
6,16,43,10
6,16,44,5
6,16,45,5
6,16,47,10
6,17,0,5
6,17,2,5
6,17,3,30
6,17,4,10
6,17,6,5
6,17,7,5
6,17,9,5
6,17,12,5
6,17,13,5
6,17,14,5
6,17,21,5
6,17,22,5
6,17,23,5
6,17,26,10
6,17,27,10
6,17,29,10
6,17,30,10
6,17,31,5
6,17,32,5
6,17,33,5
6,17,35,10
6,17,36,5
6,17,37,10
6,17,39,10
6,17,40,10
6,17,45,5
6,17,46,5
6,19,0,5
6,19,2,10
6,19,4,10
6,19,5,30
6,19,7,5
6,19,9,30
6,19,10,10
6,19,11,30
6,19,12,10
6,19,14,5
6,19,15,10
6,19,16,10
6,19,28,5
6,19,29,5
6,19,33,10
6,19,39,5
6,19,40,10
6,19,41,10
6,19,45,10
6,19,47,5
6,19,48,5
6,21,1,5
6,21,2,5
6,21,3,5
6,21,7,5
6,21,12,5
6,21,13,5
6,21,14,30
6,21,17,30
6,21,19,5
6,21,22,5
6,21,24,30
6,21,25,30
6,21,27,30
6,21,28,10
6,21,31,5
6,21,32,5
6,21,33,5
6,21,35,5
6,21,36,5
6,21,41,10
6,21,42,5
6,21,44,5
6,21,47,10
6,22,3,5
6,22,4,10
6,22,7,5
6,22,8,5
6,22,12,5
6,22,13,10
6,22,16,5
6,22,17,5
6,22,19,5
6,22,22,5
6,22,25,5
6,22,26,5
6,22,28,5
6,22,33,5
6,22,34,5
6,22,35,5
6,22,36,10
6,22,39,10
6,22,42,5
6,22,44,5
6,23,2,5
6,23,5,5
6,23,6,5
6,23,8,10
6,23,9,5
6,23,10,5
6,23,11,5
6,23,12,30
6,23,13,5
6,23,15,10
6,23,16,5
6,23,17,10
6,23,23,5
6,23,27,5
6,23,29,10
6,23,30,10
6,23,33,10
6,23,34,5
6,23,35,5
6,23,39,5
6,23,40,10
6,23,44,5
6,23,45,5
6,23,47,30
6,24,0,5
6,24,1,5
6,24,3,30
6,24,4,10
6,24,5,5
6,24,10,5
6,24,13,5
6,24,14,5
6,24,21,5
6,24,23,5
6,24,24,10
6,24,26,5
6,24,27,5
6,24,29,5
6,24,31,5
6,24,33,10
6,24,35,10
6,24,36,10
6,24,37,5
6,24,38,5
6,24,42,5
6,24,43,5
6,24,45,10
6,24,47,5
6,25,0,5
6,25,1,5
6,25,2,30
6,25,3,5
6,25,4,5
6,25,9,10
6,25,11,5
6,25,12,5
6,25,13,5
6,25,15,10
6,25,25,10
6,25,28,10
6,25,29,5
6,25,30,5
6,25,31,10
6,25,34,10
6,25,35,10
6,25,40,5
6,25,43,10
6,25,47,5
6,26,1,5
6,26,3,10
6,26,4,30
6,26,5,5
6,26,6,30
6,26,9,5
6,26,12,10
6,26,21,10
6,26,22,30
6,26,25,5
6,26,26,30
6,26,27,10
6,26,28,5
6,26,30,5
6,26,33,5
6,26,35,5
6,26,36,5
6,26,37,10
6,26,39,10
6,26,41,5
6,26,44,5
6,26,47,5
6,27,0,5
6,27,1,10
6,27,3,30
6,27,5,5
6,27,6,5
6,27,7,5
6,27,8,30
6,27,9,10
6,27,10,10
6,27,14,10
6,27,17,5
6,27,19,5
6,27,21,10
6,27,22,5
6,27,24,5
6,27,27,10
6,27,29,30
6,27,30,10
6,27,33,5
6,27,34,5
6,27,35,5
6,27,37,5
6,27,38,10
6,27,40,10
6,27,44,30
6,27,46,5
6,28,1,10
6,28,2,5
6,28,4,10
6,28,5,10
6,28,6,5
6,28,7,10
6,28,8,10
6,28,9,30
6,28,12,5
6,28,14,5
6,28,15,10
6,28,17,10
6,28,21,5
6,28,22,10
6,28,24,5
6,28,25,10
6,28,26,5
6,28,28,10
6,28,29,10
6,28,31,5
6,28,32,5
6,28,34,5
6,28,35,5
6,28,37,5
6,28,39,10
6,28,40,10
6,28,42,5
6,28,44,30
6,29,6,5
6,29,9,10
6,29,10,5
6,29,12,5
6,29,13,10
6,29,14,10
6,29,15,5
6,29,17,5
6,29,19,5
6,29,24,10
6,29,26,5
6,29,30,30
6,29,32,5
6,29,33,30
6,29,34,10
6,29,35,10
6,29,37,10
6,29,38,5
6,29,39,10
6,29,45,10
6,29,46,5
6,29,48,30
6,30,0,5
6,30,3,5
6,30,4,5
6,30,5,5
6,30,6,5
6,30,10,30
6,30,11,5
6,30,15,10
6,30,16,10
6,30,17,30
6,30,21,10
6,30,22,10
6,30,23,5
6,30,24,10
6,30,25,5
6,30,26,5
6,30,27,5
6,30,34,10
6,30,37,5
6,30,38,5
6,30,39,10
6,30,45,5
6,30,46,5
6,31,0,5
6,31,1,5
6,31,2,10
6,31,3,5
6,31,5,5
6,31,6,10
6,31,7,30
6,31,11,30
6,31,13,5
6,31,14,10
6,31,15,10
6,31,16,5
6,31,17,10
6,31,23,10
6,31,26,10
6,31,27,10
6,31,29,5
6,31,31,10
6,31,32,5
6,31,34,5
6,31,35,5
6,31,36,10
6,31,40,10
6,31,42,5
6,31,43,10
6,31,44,5
6,31,46,30
6,31,47,5
6,31,48,5
6,32,0,5
6,32,1,5
6,32,3,10
6,32,5,5
6,32,6,10
6,32,7,5
6,32,10,5
6,32,11,5
6,32,13,5
6,32,14,5
6,32,16,10
6,32,21,10
6,32,22,5
6,32,23,5
6,32,26,10
6,32,28,30
6,32,33,5
6,32,35,10
6,32,36,5
6,32,39,5
6,32,41,5
6,32,45,5
6,32,46,5
6,33,0,5
6,33,4,5
6,33,5,30
6,33,12,10
6,33,14,10
6,33,19,10
6,33,21,5
6,33,22,5
6,33,24,10
6,33,25,10
6,33,28,5
6,33,29,5
6,33,30,5
6,33,31,5
6,33,32,10
6,33,34,10
6,33,35,5
6,33,36,30
6,33,40,5
6,33,41,10
6,33,44,5
6,33,46,5
6,33,48,5
6,34,1,5
6,34,2,5
6,34,4,5
6,34,6,5
6,34,7,30
6,34,8,10
6,34,12,5
6,34,13,5
6,34,14,5
6,34,16,10
6,34,17,10
6,34,19,5
6,34,21,30
6,34,22,5
6,34,24,5
6,34,27,5
6,34,29,10
6,34,30,10
6,34,32,10
6,34,34,5
6,34,35,5
6,34,36,10
6,34,37,10
6,34,38,10
6,34,39,10
6,34,43,10
6,34,46,5
6,35,1,5
6,35,3,10
6,35,4,5
6,35,7,5
6,35,8,10
6,35,9,5
6,35,11,5
6,35,16,5
6,35,19,5
6,35,21,30
6,35,27,5
6,35,30,10
6,35,32,30
6,35,33,10
6,35,35,10
6,35,38,10
6,35,39,5
6,35,42,5
6,35,43,30
6,35,44,5
6,35,47,10
6,36,2,5
6,36,3,5
6,36,5,10
6,36,6,30
6,36,8,5
6,36,9,5
6,36,10,5
6,36,11,5
6,36,12,5
6,36,19,5
6,36,24,5
6,36,25,10
6,36,26,5
6,36,28,5
6,36,29,5
6,36,32,10
6,36,38,5
6,36,39,30
6,36,40,10
6,36,41,30
6,36,44,5
6,36,46,5
6,37,0,10
6,37,2,10
6,37,3,5
6,37,4,5
6,37,7,10
6,37,8,10
6,37,10,5
6,37,15,5
6,37,17,5
6,37,21,10
6,37,22,5
6,37,23,10
6,37,24,5
6,37,25,5
6,37,26,10
6,37,27,10
6,37,29,5
6,37,31,5
6,37,32,5
6,37,36,10
6,37,37,5
6,37,38,5
6,37,44,5
6,37,45,30
6,38,1,5
6,38,3,5
6,38,6,10
6,38,9,5
6,38,10,5
6,38,11,5
6,38,12,5
6,38,15,10
6,38,16,5
6,38,19,30
6,38,23,10
6,38,24,5
6,38,26,10
6,38,28,10
6,38,30,5
6,38,32,10
6,38,33,30
6,38,35,30
6,38,36,5
6,38,39,5
6,38,40,5
6,38,43,5
6,38,44,5
6,38,46,30
6,39,0,10
6,39,4,10
6,39,5,5
6,39,7,10
6,39,9,5
6,39,10,5
6,39,12,5
6,39,14,5
6,39,15,5
6,39,21,30
6,39,22,5
6,39,23,5
6,39,24,10
6,39,25,10
6,39,26,10
6,39,32,10
6,39,33,5
6,39,34,30
6,39,35,5
6,39,37,5
6,39,38,30
6,39,39,5
6,39,40,10
6,39,42,10
6,39,43,5
6,39,44,5
6,39,45,10
6,39,46,5
6,39,47,10
6,39,48,5
6,40,1,10
6,40,3,5
6,40,7,5
6,40,8,5
6,40,10,10
6,40,12,5
6,40,15,5
6,40,22,5
6,40,23,5
6,40,25,10
6,40,26,10
6,40,27,10
6,40,28,10
6,40,30,30
6,40,31,5
6,40,32,10
6,40,34,10
6,40,35,5
6,40,38,5
6,40,40,10
6,40,43,30
6,40,47,30
6,40,48,5
6,41,1,10
6,41,2,10
6,41,5,5
6,41,9,30
6,41,10,5
6,41,19,10
6,41,23,5
6,41,26,5
6,41,30,5
6,41,31,5
6,41,33,5
6,41,34,30
6,41,36,10
6,41,37,5
6,41,38,10
6,41,39,30
6,41,40,10
6,41,43,5
6,41,44,10
6,41,45,5
6,41,47,5
6,41,48,5
6,42,0,5
6,42,1,5
6,42,2,5
6,42,3,5
6,42,5,5
6,42,6,5
6,42,8,5
6,42,10,5
6,42,11,10
6,42,13,5
6,42,15,10
6,42,23,5
6,42,24,10
6,42,26,5
6,42,27,30
6,42,29,10
6,42,37,5
6,42,40,5
6,42,41,30
6,42,42,5
6,42,47,5
6,43,0,5
6,43,2,30
6,43,3,5
6,43,5,5
6,43,6,10
6,43,7,5
6,43,8,5
6,43,10,5
6,43,14,10
6,43,16,5
6,43,21,5
6,43,23,5
6,43,27,5
6,43,29,5
6,43,32,10
6,43,37,30
6,43,39,5
6,43,42,10
6,43,45,5
6,43,48,10
6,44,0,10
6,44,1,10
6,44,2,30
6,44,3,5
6,44,4,10
6,44,5,5
6,44,13,5
6,44,16,5
6,44,17,10
6,44,19,5
6,44,22,5
6,44,23,30
6,44,24,30
6,44,27,5
6,44,28,5
6,44,32,5
6,44,33,5
6,44,34,10
6,44,35,5
6,44,38,10
6,44,39,5
6,44,40,5
6,44,42,5
6,44,43,10
6,44,44,10
6,44,48,30
6,45,0,30
6,45,1,10
6,45,2,5
6,45,4,10
6,45,6,5
6,45,10,5
6,45,13,5
6,45,15,5
6,45,16,5
6,45,24,30
6,45,26,5
6,45,27,5
6,45,28,5
6,45,29,5
6,45,30,5
6,45,34,5
6,45,35,5
6,45,38,10
6,45,39,10
6,45,43,5
6,45,46,5
6,45,47,10
6,46,0,5
6,46,1,5
6,46,2,10
6,46,6,5
6,46,7,5
6,46,8,10
6,46,9,5
6,46,10,30
6,46,12,5
6,46,13,5
6,46,15,5
6,46,16,5
6,46,17,5
6,46,23,30
6,46,24,30
6,46,25,10
6,46,26,10
6,46,31,5
6,46,32,10
6,46,33,5
6,46,34,5
6,46,38,10
6,46,39,5
6,46,42,30
6,46,44,5
6,46,45,10
6,46,48,5
6,47,1,5
6,47,4,5
6,47,5,10
6,47,8,10
6,47,10,5
6,47,11,5
6,47,12,5
6,47,15,5
6,47,16,10
6,47,17,5
6,47,19,5
6,47,21,10
6,47,24,30
6,47,25,10
6,47,26,5
6,47,27,5
6,47,38,5
6,47,39,10
6,47,40,30
6,47,41,10
6,47,43,5
6,47,44,5
6,47,47,10
6,48,0,5
6,48,3,5
6,48,6,5
6,48,8,10
6,48,9,5
6,48,10,5
6,48,12,5
6,48,14,5
6,48,16,5
6,48,17,30
6,48,21,5
6,48,22,5
6,48,27,10
6,48,28,10
6,48,32,10
6,48,33,5
6,48,35,5
6,48,37,5
6,48,39,5
6,48,40,10
6,48,41,5
6,48,42,5
6,48,43,5
6,48,47,10
6,48,48,5
7,0,1,5
7,0,3,5
7,0,6,30
7,0,7,5
7,0,8,5
7,0,15,5
7,0,22,10
7,0,23,5
7,0,26,5
7,0,28,5
7,0,29,5
7,0,31,10
7,0,32,10
7,0,33,5
7,0,34,5
7,0,39,10
7,0,40,10
7,0,41,5
7,0,42,5
7,0,44,10
7,0,45,10
7,1,3,10
7,1,5,5
7,1,8,30
7,1,12,10
7,1,15,5
7,1,21,5
7,1,22,10
7,1,23,10
7,1,24,10
7,1,29,5
7,1,30,10
7,1,31,5
7,1,32,10
7,1,36,10
7,1,38,5
7,1,39,10
7,1,40,30
7,1,42,5
7,1,43,5
7,1,44,5
7,1,45,10
7,1,46,10
7,1,47,5
7,3,4,30
7,3,6,5
7,3,10,10
7,3,11,5
7,3,13,5
7,3,15,10
7,3,20,10
7,3,24,10
7,3,28,10
7,3,31,10
7,3,34,5
7,3,35,5
7,3,37,10
7,3,39,10
7,3,40,5
7,3,45,10
7,4,3,5
7,4,4,5
7,4,5,30
7,4,7,10
7,4,9,5
7,4,13,5
7,4,15,5
7,4,18,10
7,4,20,5
7,4,21,5
7,4,22,10
7,4,23,5
7,4,24,5
7,4,26,30
7,4,28,30
7,4,30,5
7,4,31,5
7,4,32,5
7,4,37,5
7,4,39,10
7,4,40,5
7,4,43,5
7,4,46,5
7,4,47,5
7,4,48,5
7,5,3,5
7,5,4,5
7,5,6,5
7,5,7,10
7,5,8,5
7,5,10,10
7,5,12,5
7,5,13,10
7,5,15,10
7,5,17,5
7,5,20,10
7,5,21,5
7,5,24,10
7,5,28,10
7,5,29,5
7,5,31,5
7,5,32,5
7,5,33,5
7,5,34,5
7,5,39,5
7,5,41,5
7,5,44,30
7,5,45,10
7,6,0,5
7,6,1,10
7,6,3,5
7,6,5,5
7,6,8,5
7,6,9,5
7,6,10,10
7,6,11,10
7,6,12,5
7,6,15,10
7,6,17,10
7,6,20,5
7,6,21,5
7,6,22,30
7,6,28,10
7,6,29,5
7,6,34,30
7,6,36,5
7,6,39,10
7,6,41,30
7,6,44,5
7,6,46,10
7,6,47,10
7,6,48,5
7,7,8,5
7,7,11,5
7,7,13,5
7,7,15,5
7,7,18,10
7,7,20,5
7,7,22,5
7,7,23,5
7,7,24,5
7,7,28,10
7,7,31,5
7,7,33,5
7,7,34,10
7,7,37,10
7,7,38,5
7,7,39,5
7,7,42,30
7,7,44,5
7,7,45,10
7,7,47,5
7,8,1,5
7,8,4,30
7,8,5,10
7,8,7,5
7,8,9,10
7,8,10,10
7,8,11,5
7,8,12,10
7,8,13,5
7,8,18,5
7,8,21,10
7,8,23,5
7,8,24,5
7,8,26,5
7,8,28,5
7,8,32,10
7,8,33,5
7,8,34,5
7,8,37,5
7,8,39,10
7,8,43,10
7,8,47,5
7,8,48,5
7,9,3,5
7,9,4,30
7,9,6,10
7,9,10,10
7,9,11,5
7,9,15,5
7,9,18,5
7,9,20,5
7,9,30,5
7,9,31,10
7,9,33,5
7,9,34,5
7,9,36,5
7,9,37,5
7,9,40,5
7,9,46,5
7,9,47,10
7,10,3,5
7,10,4,5
7,10,6,30
7,10,7,5
7,10,8,10
7,10,9,5
7,10,10,30
7,10,12,10
7,10,17,10
7,10,18,5
7,10,22,30
7,10,23,5
7,10,29,5
7,10,31,5
7,10,33,10
7,10,38,5
7,10,40,5
7,10,44,5
7,10,45,10
7,10,47,5
7,10,48,10
7,11,0,5
7,11,1,5
7,11,3,5
7,11,6,5
7,11,8,5
7,11,11,5
7,11,12,5
7,11,13,5
7,11,15,5
7,11,17,10
7,11,18,5
7,11,23,10
7,11,24,5
7,11,28,10
7,11,29,5
7,11,30,5
7,11,31,30
7,11,32,5
7,11,34,10
7,11,35,5
7,11,37,10
7,11,39,5
7,11,40,5
7,11,41,10
7,11,43,5
7,11,47,5
7,12,0,5
7,12,3,30
7,12,4,5
7,12,5,5
7,12,7,30
7,12,8,5
7,12,13,5
7,12,17,5
7,12,18,10
7,12,20,5
7,12,22,5
7,12,29,5
7,12,30,5
7,12,32,5
7,12,39,5
7,12,40,10
7,12,41,5
7,12,44,5
7,12,45,5
7,12,46,5
7,12,47,5
7,13,0,10
7,13,3,10
7,13,4,30
7,13,8,5
7,13,9,10
7,13,12,30
7,13,13,5
7,13,15,10
7,13,17,5
7,13,21,5
7,13,22,10
7,13,23,5
7,13,24,5
7,13,26,5
7,13,28,5
7,13,30,5
7,13,31,5
7,13,37,5
7,13,38,30
7,13,39,5
7,13,40,10
7,13,42,5
7,13,43,10
7,13,44,5
7,13,45,5
7,13,46,5
7,13,47,5
7,15,6,5
7,15,7,5
7,15,8,5
7,15,15,30
7,15,17,5
7,15,28,5
7,15,33,5
7,15,35,5
7,15,36,5
7,15,37,10
7,15,38,5
7,15,39,5
7,15,44,5
7,15,47,5
7,17,0,10
7,17,7,30
7,17,8,5
7,17,9,30
7,17,10,5
7,17,20,5
7,17,22,5
7,17,24,30
7,17,28,10
7,17,29,5
7,17,30,5
7,17,31,10
7,17,33,5
7,17,34,10
7,17,35,30
7,17,40,5
7,17,41,10
7,17,42,5
7,17,43,5
7,17,44,30
7,17,46,30
7,18,0,5
7,18,1,5
7,18,5,5
7,18,10,10
7,18,11,10
7,18,13,10
7,18,20,30
7,18,26,5
7,18,28,5
7,18,29,10
7,18,30,30
7,18,32,30
7,18,33,5
7,18,34,5
7,18,36,5
7,18,38,30
7,18,39,5
7,18,40,5
7,18,41,5
7,20,1,5
7,20,3,5
7,20,4,5
7,20,8,5
7,20,11,5
7,20,15,5
7,20,18,5
7,20,22,10
7,20,23,10
7,20,24,5
7,20,26,5
7,20,30,5
7,20,31,30
7,20,35,30
7,20,36,10
7,20,38,10
7,20,40,5
7,20,41,5
7,20,44,5
7,20,45,10
7,20,46,5
7,20,48,30
7,21,4,10
7,21,5,30
7,21,8,5
7,21,9,10
7,21,10,5
7,21,15,30
7,21,18,5
7,21,21,5
7,21,26,5
7,21,28,5
7,21,30,10
7,21,31,10
7,21,32,5
7,21,36,5
7,21,37,5
7,21,39,10
7,21,41,5
7,21,42,5
7,21,44,10
7,21,45,5
7,21,47,5
7,21,48,5
7,22,0,5
7,22,3,5
7,22,4,5
7,22,5,5
7,22,8,5
7,22,12,5
7,22,13,5
7,22,15,10
7,22,17,5
7,22,18,5
7,22,21,10
7,22,26,5
7,22,29,5
7,22,32,10
7,22,33,30
7,22,34,10
7,22,38,5
7,22,40,5
7,22,41,30
7,22,42,10
7,22,47,5
7,23,0,10
7,23,1,5
7,23,8,5
7,23,11,5
7,23,12,5
7,23,17,5
7,23,18,5
7,23,20,30
7,23,23,5
7,23,24,10
7,23,28,5
7,23,30,30
7,23,31,5
7,23,32,5
7,23,34,10
7,23,35,10
7,23,36,10
7,23,37,5
7,23,38,5
7,23,41,10
7,23,43,10
7,23,44,5
7,23,45,10
7,23,47,5
7,24,0,5
7,24,4,30
7,24,5,10
7,24,7,5
7,24,9,5
7,24,10,5
7,24,12,5
7,24,13,10
7,24,18,5
7,24,20,5
7,24,21,5
7,24,23,10
7,24,24,5
7,24,26,5
7,24,28,10
7,24,36,5
7,24,37,10
7,24,42,5
7,24,43,10
7,24,46,10
7,24,47,10
7,26,0,10
7,26,6,10
7,26,8,5
7,26,12,10
7,26,15,5
7,26,20,5
7,26,24,10
7,26,26,5
7,26,28,10
7,26,30,5
7,26,34,10
7,26,37,5
7,26,38,5
7,26,41,5
7,26,42,5
7,28,1,5
7,28,3,10
7,28,4,5
7,28,5,5
7,28,6,10
7,28,9,5
7,28,11,30
7,28,17,5
7,28,18,10
7,28,23,10
7,28,24,10
7,28,26,10
7,28,28,10
7,28,29,5
7,28,30,5
7,28,32,30
7,28,33,5
7,28,34,30
7,28,35,30
7,28,36,5
7,28,39,5
7,28,40,5
7,28,41,10
7,28,42,30
7,29,0,5
7,29,1,5
7,29,6,10
7,29,11,5
7,29,13,10
7,29,15,10
7,29,20,5
7,29,21,5
7,29,22,30
7,29,23,5
7,29,28,5
7,29,29,5
7,29,30,5
7,29,31,10
7,29,32,5
7,29,36,10
7,29,37,10
7,29,38,5
7,29,41,5
7,29,43,10
7,29,47,5
7,30,0,5
7,30,3,10
7,30,4,5
7,30,12,5
7,30,13,5
7,30,15,5
7,30,17,5
7,30,20,5
7,30,21,5
7,30,23,5
7,30,26,5
7,30,29,10
7,30,32,10
7,30,36,10
7,30,37,5
7,30,38,5
7,30,39,10
7,30,40,5
7,30,41,5
7,30,42,5
7,30,45,5
7,30,46,5
7,30,47,5
7,30,48,10
7,31,0,5
7,31,1,10
7,31,3,5
7,31,4,30
7,31,10,5
7,31,11,5
7,31,12,5
7,31,20,10
7,31,22,10
7,31,26,5
7,31,30,30
7,31,31,5
7,31,32,10
7,31,34,10
7,31,35,10
7,31,36,5
7,31,37,5
7,31,39,5
7,31,42,10
7,31,44,10
7,31,45,30
7,31,46,5
7,32,1,5
7,32,3,5
7,32,5,5
7,32,7,30
7,32,8,30
7,32,10,5
7,32,11,5
7,32,12,10
7,32,13,5
7,32,20,5
7,32,21,10
7,32,23,5
7,32,24,30
7,32,26,5
7,32,28,10
7,32,29,10
7,32,30,30
7,32,32,30
7,32,33,10
7,32,35,5
7,32,36,5
7,32,37,5
7,32,40,30
7,32,41,5
7,32,44,5
7,32,46,5
7,33,0,5
7,33,3,5
7,33,7,10
7,33,8,10
7,33,9,10
7,33,10,5
7,33,12,5
7,33,13,30
7,33,17,10
7,33,24,30
7,33,26,5
7,33,32,5
7,33,33,5
7,33,36,10
7,33,37,10
7,33,42,10
7,33,44,5
7,33,47,5
7,33,48,10
7,34,0,5
7,34,3,5
7,34,9,5
7,34,10,5
7,34,12,30
7,34,13,5
7,34,17,5
7,34,18,5
7,34,20,5
7,34,21,5
7,34,22,10
7,34,23,30
7,34,28,5
7,34,29,5
7,34,33,10
7,34,34,10
7,34,35,5
7,34,36,10
7,34,37,10
7,34,41,5
7,34,42,5
7,34,44,5
7,34,45,30
7,34,46,30
7,34,47,5
7,35,1,5
7,35,4,10
7,35,8,5
7,35,12,30
7,35,13,10
7,35,21,10
7,35,24,5
7,35,26,5
7,35,34,5
7,35,39,10
7,35,40,30
7,35,41,5
7,35,45,10
7,35,48,5
7,36,1,5
7,36,7,10
7,36,8,5
7,36,10,5
7,36,11,30
7,36,13,5
7,36,15,5
7,36,18,5
7,36,20,5
7,36,21,10
7,36,26,10
7,36,29,5
7,36,31,5
7,36,32,5
7,36,33,5
7,36,35,5
7,36,36,5
7,36,37,10
7,36,39,5
7,36,41,10
7,36,42,5
7,36,43,10
7,36,45,5
7,36,47,5
7,36,48,10
7,37,0,5
7,37,1,5
7,37,3,10
7,37,4,5
7,37,10,30
7,37,12,5
7,37,17,10
7,37,21,5
7,37,24,30
7,37,32,5
7,37,34,5
7,37,35,10
7,37,36,5
7,37,37,10
7,37,39,5
7,37,40,5
7,37,42,5
7,37,44,5
7,37,46,10
7,37,47,10
7,38,0,5
7,38,1,5
7,38,3,5
7,38,8,5
7,38,11,5
7,38,13,5
7,38,17,10
7,38,23,10
7,38,24,5
7,38,26,5
7,38,28,10
7,38,29,5
7,38,31,5
7,38,35,10
7,38,36,10
7,38,37,10
7,38,39,10
7,38,45,5
7,38,47,5
7,39,10,10
7,39,11,5
7,39,12,5
7,39,17,5
7,39,18,10
7,39,22,5
7,39,24,5
7,39,26,5
7,39,30,5
7,39,31,5
7,39,32,10
7,39,33,10
7,39,39,5
7,39,40,5
7,39,42,10
7,39,43,30
7,39,44,10
7,39,46,10
7,39,47,5
7,39,48,5
7,40,5,5
7,40,6,5
7,40,10,30
7,40,11,10
7,40,15,5
7,40,17,5
7,40,18,5
7,40,20,5
7,40,21,10
7,40,24,5
7,40,29,10
7,40,31,5
7,40,32,5
7,40,34,5
7,40,35,5
7,40,37,5
7,40,40,10
7,40,41,5
7,40,42,10
7,40,43,5
7,40,44,10
7,40,47,5
7,41,7,5
7,41,11,5
7,41,13,5
7,41,15,5
7,41,20,10
7,41,22,5
7,41,23,5
7,41,26,5
7,41,28,5
7,41,33,5
7,41,36,5
7,41,38,5
7,41,39,30
7,41,43,10
7,42,0,5
7,42,1,5
7,42,7,5
7,42,9,5
7,42,10,10
7,42,11,10
7,42,12,5
7,42,13,30
7,42,17,5
7,42,20,5
7,42,21,30
7,42,23,5
7,42,28,10
7,42,29,5
7,42,33,5
7,42,34,30
7,42,35,5
7,42,42,5
7,42,43,5
7,42,45,5
7,42,46,10
7,42,47,5
7,43,4,30
7,43,8,5
7,43,9,10
7,43,10,10
7,43,12,5
7,43,13,10
7,43,15,5
7,43,18,10
7,43,20,30
7,43,21,5
7,43,26,30
7,43,28,5
7,43,33,5
7,43,34,5
7,43,36,30
7,43,37,5
7,43,38,5
7,43,40,30
7,43,41,10
7,43,42,5
7,43,43,5
7,43,44,30
7,43,45,5
7,43,46,5
7,43,48,5
7,44,0,5
7,44,1,5
7,44,3,5
7,44,5,30
7,44,8,5
7,44,9,5
7,44,10,10
7,44,15,5
7,44,28,5
7,44,30,5
7,44,33,10
7,44,34,30
7,44,36,10
7,44,37,30
7,44,40,5
7,44,41,5
7,44,42,5
7,44,47,10
7,45,1,5
7,45,3,10
7,45,4,5
7,45,5,5
7,45,6,10
7,45,8,5
7,45,9,30
7,45,12,5
7,45,17,5
7,45,20,10
7,45,24,5
7,45,29,5
7,45,30,5
7,45,31,5
7,45,36,10
7,45,37,10
7,45,38,10
7,45,39,10
7,45,40,5
7,45,41,5
7,45,42,5
7,45,45,10
7,45,46,30
7,46,0,5
7,46,1,5
7,46,3,10
7,46,4,30
7,46,5,5
7,46,6,5
7,46,7,5
7,46,8,5
7,46,9,10
7,46,10,5
7,46,11,5
7,46,12,5
7,46,13,5
7,46,15,10
7,46,17,5
7,46,21,5
7,46,22,10
7,46,23,5
7,46,30,5
7,46,31,5
7,46,37,5
7,46,38,5
7,46,39,5
7,46,40,10
7,46,41,5
7,46,43,5
7,46,44,10
7,46,45,5
7,46,46,5
7,47,0,5
7,47,1,5
7,47,3,5
7,47,6,5
7,47,7,10
7,47,8,5
7,47,13,5
7,47,15,10
7,47,20,10
7,47,22,30
7,47,23,5
7,47,26,10
7,47,28,10
7,47,33,5
7,47,34,5
7,47,35,5
7,47,36,10
7,47,39,10
7,47,41,5
7,47,42,5
7,47,44,5
7,47,45,5
7,47,46,10
7,48,3,10
7,48,4,5
7,48,5,5
7,48,8,5
7,48,13,5
7,48,20,5
7,48,28,10
7,48,30,10
7,48,31,5
7,48,32,5
7,48,33,5
7,48,35,10
7,48,39,30
7,48,40,5
7,48,42,5
7,48,43,5
7,48,44,5
7,48,48,10
8,0,1,5
8,0,2,5
8,0,4,30
8,0,6,5
8,0,7,5
8,0,8,10
8,0,10,5
8,0,11,5
8,0,13,10
8,0,14,5
8,0,16,5
8,0,18,5
8,0,19,10
8,0,22,5
8,0,25,5
8,0,28,10
8,0,29,5
8,0,31,5
8,0,32,5
8,0,37,10
8,0,40,5
8,0,42,5
8,0,46,10
8,0,47,5
8,1,0,5
8,1,1,5
8,1,4,10
8,1,6,5
8,1,7,5
8,1,8,5
8,1,9,10
8,1,12,5
8,1,14,5
8,1,16,10
8,1,17,5
8,1,18,10
8,1,19,5
8,1,22,10
8,1,25,30
8,1,26,5
8,1,31,5
8,1,38,5
8,1,39,5
8,1,43,10
8,1,44,10
8,1,46,30
8,1,47,5
8,1,49,30
8,2,2,5
8,2,4,5
8,2,7,10
8,2,8,5
8,2,9,5
8,2,11,5
8,2,14,5
8,2,16,10
8,2,17,5
8,2,18,5
8,2,22,10
8,2,25,5
8,2,27,5
8,2,28,5
8,2,31,5
8,2,35,10
8,2,37,5
8,2,38,5
8,2,41,5
8,2,43,5
8,2,44,30
8,2,45,10
8,2,49,10
8,4,2,5
8,4,4,5
8,4,10,10
8,4,11,10
8,4,12,10
8,4,13,5
8,4,17,5
8,4,25,10
8,4,27,5
8,4,28,10
8,4,29,10
8,4,31,10
8,4,32,10
8,4,35,5
8,4,37,5
8,4,40,5
8,4,44,5
8,4,45,5
8,4,47,10
8,5,6,5
8,5,7,5
8,5,8,5
8,5,9,30
8,5,10,5
8,5,14,5
8,5,15,5
8,5,17,10
8,5,18,30
8,5,22,5
8,5,25,5
8,5,26,5
8,5,27,5
8,5,29,5
8,5,31,5
8,5,32,5
8,5,39,10
8,5,41,5
8,5,45,5
8,5,47,10
8,5,49,30
8,6,5,10
8,6,6,5
8,6,7,10
8,6,9,30
8,6,11,5
8,6,15,5
8,6,17,5
8,6,26,10
8,6,27,5
8,6,37,30
8,6,38,5
8,6,40,30
8,6,43,5
8,6,44,5
8,6,45,5
8,6,47,30
8,6,49,5
8,7,1,5
8,7,2,5
8,7,5,5
8,7,6,5
8,7,8,5
8,7,10,30
8,7,11,5
8,7,13,30
8,7,18,10
8,7,22,10
8,7,26,5
8,7,27,5
8,7,28,5
8,7,29,5
8,7,38,5
8,7,39,10
8,7,40,5
8,7,43,5
8,7,46,5
8,7,47,30
8,8,0,10
8,8,1,10
8,8,4,5
8,8,5,10
8,8,9,10
8,8,10,5
8,8,15,5
8,8,16,5
8,8,18,5
8,8,22,10
8,8,27,5
8,8,28,5
8,8,29,5
8,8,31,5
8,8,32,5
8,8,37,10
8,8,38,5
8,8,39,5
8,8,41,5
8,8,42,5
8,8,43,5
8,8,45,5
8,8,47,5
8,8,49,5
8,9,1,30
8,9,4,5
8,9,5,30
8,9,6,10
8,9,8,5
8,9,9,10
8,9,14,5
8,9,16,5
8,9,17,5
8,9,22,30
8,9,24,10
8,9,29,5
8,9,32,10
8,9,35,5
8,9,42,10
8,9,43,5
8,9,45,5
8,9,46,5
8,9,47,10
8,10,0,10
8,10,1,5
8,10,2,5
8,10,7,5
8,10,11,30
8,10,13,5
8,10,14,5
8,10,15,10
8,10,16,5
8,10,17,5
8,10,18,10
8,10,19,10
8,10,22,5
8,10,24,5
8,10,26,10
8,10,29,5
8,10,31,10
8,10,37,10
8,10,38,5
8,10,39,5
8,10,40,10
8,10,41,5
8,10,42,10
8,10,43,5
8,10,46,10
8,10,49,30
8,11,0,5
8,11,1,10
8,11,5,10
8,11,6,5
8,11,11,5
8,11,12,5
8,11,15,5
8,11,19,5
8,11,22,5
8,11,25,5
8,11,28,5
8,11,29,5
8,11,31,30
8,11,32,10
8,11,37,5
8,11,39,5
8,11,41,5
8,11,42,10
8,11,46,10
8,12,0,10
8,12,1,5
8,12,6,10
8,12,7,5
8,12,16,5
8,12,18,5
8,12,25,30
8,12,27,30
8,12,28,10
8,12,29,5
8,12,31,5
8,12,32,5
8,12,37,30
8,12,38,5
8,12,39,10
8,12,41,10
8,12,42,5
8,12,43,10
8,12,45,10
8,12,47,30
8,12,49,5
8,13,5,10
8,13,8,5
8,13,9,5
8,13,11,5
8,13,12,10
8,13,13,10
8,13,15,5
8,13,16,5
8,13,17,5
8,13,18,10
8,13,22,5
8,13,24,5
8,13,26,5
8,13,27,10
8,13,28,10
8,13,37,5
8,13,39,10
8,13,41,5
8,13,44,5
8,13,49,10
8,14,0,10
8,14,1,5
8,14,2,5
8,14,4,5
8,14,6,5
8,14,8,10
8,14,9,5
8,14,10,5
8,14,11,10
8,14,13,30
8,14,15,10
8,14,16,10
8,14,18,5
8,14,19,10
8,14,25,10
8,14,28,30
8,14,29,5
8,14,38,5
8,14,39,10
8,14,40,5
8,14,43,5
8,14,45,10
8,14,49,5
8,15,1,5
8,15,5,10
8,15,11,5
8,15,15,5
8,15,16,5
8,15,17,5
8,15,18,5
8,15,25,10
8,15,27,30
8,15,29,5
8,15,31,5
8,15,39,5
8,15,40,10
8,15,41,5
8,15,42,5
8,15,44,5
8,16,2,5
8,16,8,5
8,16,10,5
8,16,11,5
8,16,13,5
8,16,22,10
8,16,29,5
8,16,35,30
8,16,37,5
8,16,40,10
8,16,44,5
8,16,49,10
8,17,0,10
8,17,2,5
8,17,4,5
8,17,5,5
8,17,6,5
8,17,12,5
8,17,15,5
8,17,16,10
8,17,17,5
8,17,18,5
8,17,19,5
8,17,22,5
8,17,25,5
8,17,27,5
8,17,28,5
8,17,31,5
8,17,32,10
8,17,38,5
8,17,39,5
8,17,40,30
8,17,41,5
8,17,42,5
8,17,45,5
8,17,46,10
8,18,0,5
8,18,2,30
8,18,6,5
8,18,8,10
8,18,12,5
8,18,14,10
8,18,15,5
8,18,26,5
8,18,28,10
8,18,29,5
8,18,31,10
8,18,38,5
8,18,40,5
8,18,41,5
8,18,42,5
8,18,43,5
8,18,45,5
8,18,46,5
8,18,49,10
8,19,1,5
8,19,4,5
8,19,5,5
8,19,9,5
8,19,12,5
8,19,16,5
8,19,22,10
8,19,24,5
8,19,26,10
8,19,28,5
8,19,32,5
8,19,35,5
8,19,41,5
8,19,47,5
8,22,1,10
8,22,4,10
8,22,5,5
8,22,9,5
8,22,10,5
8,22,11,5
8,22,13,5
8,22,15,5
8,22,16,10
8,22,26,5
8,22,27,30
8,22,32,10
8,22,35,5
8,22,40,30
8,22,43,30
8,22,44,10
8,22,45,5
8,22,46,5
8,22,47,5
8,22,49,5
8,24,0,5
8,24,2,5
8,24,5,5
8,24,9,10
8,24,10,10
8,24,12,5
8,24,13,5
8,24,15,5
8,24,19,5
8,24,24,5
8,24,26,10
8,24,28,5
8,24,32,5
8,24,38,5
8,24,39,5
8,24,42,30
8,24,44,10
8,24,46,5
8,24,47,5
8,25,4,10
8,25,5,5
8,25,8,30
8,25,9,10
8,25,10,5
8,25,13,5
8,25,14,5
8,25,16,30
8,25,19,30
8,25,22,5
8,25,25,5
8,25,27,5
8,25,29,5
8,25,32,30
8,25,35,5
8,25,37,5
8,25,38,5
8,25,42,5
8,25,43,10
8,25,47,5
8,25,49,5
8,26,5,10
8,26,7,5
8,26,9,5
8,26,14,30
8,26,16,5
8,26,17,5
8,26,22,10
8,26,26,10
8,26,27,10
8,26,35,5
8,26,37,5
8,26,39,5
8,26,40,30
8,26,49,30
8,27,2,5
8,27,6,5
8,27,8,5
8,27,9,10
8,27,10,5
8,27,11,5
8,27,13,5
8,27,16,10
8,27,18,5
8,27,22,10
8,27,26,10
8,27,27,10
8,27,28,10
8,27,29,5
8,27,31,30
8,27,32,5
8,27,35,5
8,27,41,5
8,27,42,5
8,27,44,5
8,27,47,5
8,27,49,5
8,28,2,5
8,28,4,5
8,28,10,10
8,28,11,5
8,28,15,5
8,28,16,5
8,28,17,5
8,28,19,5
8,28,22,10
8,28,24,10
8,28,26,5
8,28,28,30
8,28,29,10
8,28,37,10
8,28,38,10
8,28,39,10
8,28,40,10
8,28,41,10
8,29,6,5
8,29,10,5
8,29,11,10
8,29,15,5
8,29,17,10
8,29,18,5
8,29,24,5
8,29,25,30
8,29,26,10
8,29,31,5
8,29,32,5
8,29,40,30
8,29,42,5
8,29,45,5
8,31,2,5
8,31,4,5
8,31,5,5
8,31,8,5
8,31,9,5
8,31,10,10
8,31,12,5
8,31,13,5
8,31,14,10
8,31,26,10
8,31,29,5
8,31,31,5
8,31,32,5
8,31,35,30
8,31,37,5
8,31,38,5
8,31,42,5
8,31,43,5
8,31,44,10
8,31,47,5
8,31,49,5
8,32,1,30
8,32,2,5
8,32,4,10
8,32,5,5
8,32,6,5
8,32,9,5
8,32,10,10
8,32,11,5
8,32,13,10
8,32,14,5
8,32,17,10
8,32,19,5
8,32,24,10
8,32,31,10
8,32,41,10
8,32,43,5
8,32,44,5
8,32,45,5
8,32,47,10
8,35,2,5
8,35,4,30
8,35,5,10
8,35,6,5
8,35,7,5
8,35,8,10
8,35,9,5
8,35,12,5
8,35,15,5
8,35,17,5
8,35,18,5
8,35,19,5
8,35,24,5
8,35,26,5
8,35,32,10
8,35,35,5
8,35,37,10
8,35,39,5
8,35,40,30
8,35,42,5
8,35,44,5
8,35,47,5
8,35,49,5
8,37,0,10
8,37,2,10
8,37,4,5
8,37,5,5
8,37,6,10
8,37,9,5
8,37,10,5
8,37,12,5
8,37,14,10
8,37,15,5
8,37,17,5
8,37,22,5
8,37,24,5
8,37,27,5
8,37,31,10
8,37,32,5
8,37,35,5
8,37,40,5
8,37,41,5
8,37,43,5
8,37,45,5
8,37,49,5
8,38,1,5
8,38,4,5
8,38,5,10
8,38,9,30
8,38,11,30
8,38,14,5
8,38,17,10
8,38,18,5
8,38,19,5
8,38,22,5
8,38,24,10
8,38,26,5
8,38,28,5
8,38,29,5
8,38,32,5
8,38,37,5
8,38,38,5
8,38,40,30
8,38,41,10
8,38,42,5
8,38,44,5
8,38,49,5
8,39,0,5
8,39,1,30
8,39,2,5
8,39,7,30
8,39,11,5
8,39,13,5
8,39,15,5
8,39,17,5
8,39,19,5
8,39,22,10
8,39,24,5
8,39,26,10
8,39,27,5
8,39,28,5
8,39,29,5
8,39,31,10
8,39,35,10
8,39,37,5
8,39,41,5
8,39,42,5
8,39,43,5
8,39,44,10
8,39,46,5
8,40,12,5
8,40,15,5
8,40,16,5
8,40,17,5
8,40,18,5
8,40,19,5
8,40,24,10
8,40,25,5
8,40,29,10
8,40,31,5
8,40,35,5
8,40,37,10
8,40,38,5
8,40,42,5
8,40,46,5
8,41,0,5
8,41,1,5
8,41,9,30
8,41,11,10
8,41,13,5
8,41,14,30
8,41,15,10
8,41,17,5
8,41,18,10
8,41,19,5
8,41,26,10
8,41,27,5
8,41,28,10
8,41,29,5
8,41,37,5
8,41,38,10
8,41,40,5
8,41,41,5
8,41,42,5
8,41,43,5
8,41,44,5
8,41,45,30
8,41,46,5
8,41,47,5
8,41,49,10
8,42,1,10
8,42,2,10
8,42,4,5
8,42,7,10
8,42,8,5
8,42,10,5
8,42,14,30
8,42,16,30
8,42,18,5
8,42,24,10
8,42,29,5
8,42,31,5
8,42,37,5
8,42,41,5
8,42,45,5
8,42,46,5
8,42,47,5
8,43,1,5
8,43,6,5
8,43,7,5
8,43,11,5
8,43,13,5
8,43,16,5
8,43,17,10
8,43,18,10
8,43,24,5
8,43,26,5
8,43,28,5
8,43,29,5
8,43,35,10
8,43,39,5
8,43,41,10
8,43,42,5
8,43,43,5
8,43,44,5
8,43,46,10
8,43,47,10
8,44,0,10
8,44,1,5
8,44,6,5
8,44,8,10
8,44,11,10
8,44,13,5
8,44,15,5
8,44,22,30
8,44,26,10
8,44,27,10
8,44,29,30
8,44,41,5
8,44,44,10
8,44,46,5
8,45,0,30
8,45,1,10
8,45,4,5
8,45,9,5
8,45,12,30
8,45,13,5
8,45,15,5
8,45,17,5
8,45,18,10
8,45,25,30
8,45,29,5
8,45,31,10
8,45,35,5
8,45,37,5
8,45,39,5
8,45,40,5
8,45,45,5
8,45,46,5
8,45,47,5
8,46,0,5
8,46,1,10
8,46,2,30
8,46,6,5
8,46,8,30
8,46,11,5
8,46,13,5
8,46,15,5
8,46,17,5
8,46,24,5
8,46,27,5
8,46,32,5
8,46,38,30
8,46,40,30
8,46,41,5
8,46,42,5
8,46,44,5
8,46,46,30
8,46,49,10
8,47,0,30
8,47,2,10
8,47,4,5
8,47,6,10
8,47,10,5
8,47,11,5
8,47,12,30
8,47,13,5
8,47,14,5
8,47,18,5
8,47,24,5
8,47,26,10
8,47,27,30
8,47,28,10
8,47,29,10
8,47,37,10
8,47,40,5
8,47,41,5
8,47,43,10
8,47,46,5
8,49,0,5
8,49,6,5
8,49,10,5
8,49,11,10
8,49,12,30
8,49,14,10
8,49,16,5
8,49,18,10
8,49,19,30
8,49,22,5
8,49,25,5
8,49,26,5
8,49,27,5
8,49,28,5
8,49,31,10
8,49,32,5
8,49,35,5
8,49,37,10
8,49,38,5
8,49,39,5
8,49,44,5
8,49,45,10
8,49,47,5
9,0,0,10
9,0,1,5
9,0,3,10
9,0,4,10
9,0,6,5
9,0,8,5
9,0,9,10
9,0,10,10
9,0,11,5
9,0,12,5
9,0,14,30
9,0,16,10
9,0,22,30
9,0,24,10
9,0,26,5
9,0,27,5
9,0,28,5
9,0,29,5
9,0,31,10
9,0,32,30
9,0,34,10
9,0,38,5
9,0,43,5
9,0,45,5
9,0,48,10
9,0,49,5
9,1,1,5
9,1,2,5
9,1,3,5
9,1,4,5
9,1,6,5
9,1,8,5
9,1,9,5
9,1,11,5
9,1,13,10
9,1,14,5
9,1,16,5
9,1,17,5
9,1,18,30
9,1,20,5
9,1,23,5
9,1,24,10
9,1,25,10
9,1,29,10
9,1,30,5
9,1,31,5
9,1,33,5
9,1,34,10
9,1,36,10
9,1,37,5
9,1,38,10
9,1,39,5
9,1,44,10
9,1,47,5
9,2,1,10
9,2,2,5
9,2,3,10
9,2,6,5
9,2,10,5
9,2,11,5
9,2,14,5
9,2,17,5
9,2,22,10
9,2,23,5
9,2,24,10
9,2,25,5
9,2,26,30
9,2,30,30
9,2,31,5
9,2,32,5
9,2,33,30
9,2,34,30
9,2,35,5
9,2,39,5
9,2,41,5
9,2,43,30
9,2,44,5
9,2,47,5
9,2,48,5
9,2,49,5
9,3,1,5
9,3,2,5
9,3,4,30
9,3,7,5
9,3,8,5
9,3,9,30
9,3,11,5
9,3,15,30
9,3,20,10
9,3,22,5
9,3,24,10
9,3,26,10
9,3,28,10
9,3,29,30
9,3,30,5
9,3,31,5
9,3,32,5
9,3,34,10
9,3,35,5
9,3,40,5
9,3,43,30
9,3,45,5
9,3,48,5
9,4,0,30
9,4,5,5
9,4,6,30
9,4,11,10
9,4,12,5
9,4,13,5
9,4,14,5
9,4,15,5
9,4,18,10
9,4,20,10
9,4,23,5
9,4,24,5
9,4,26,10
9,4,27,10
9,4,28,5
9,4,29,5
9,4,35,10
9,4,36,30
9,4,37,30
9,4,39,5
9,4,45,5
9,4,47,10
9,4,48,10
9,5,0,30
9,5,1,5
9,5,4,5
9,5,5,10
9,5,6,10
9,5,7,5
9,5,8,5
9,5,9,5
9,5,10,5
9,5,11,5
9,5,15,10
9,5,16,5
9,5,17,5
9,5,20,5
9,5,23,5
9,5,24,5
9,5,25,10
9,5,26,30
9,5,27,10
9,5,29,30
9,5,31,10
9,5,32,10
9,5,33,30
9,5,34,10
9,5,35,5
9,5,36,5
9,5,38,10
9,5,44,10
9,5,45,5
9,5,47,5
9,5,49,5
9,6,0,5
9,6,1,5
9,6,5,10
9,6,13,5
9,6,15,5
9,6,17,5
9,6,24,10
9,6,26,5
9,6,28,5
9,6,29,10
9,6,30,30
9,6,32,5
9,6,35,5
9,6,36,5
9,6,37,5
9,6,38,5
9,6,39,5
9,6,41,10
9,6,43,5
9,6,44,10
9,7,1,5
9,7,2,30
9,7,3,5
9,7,4,10
9,7,5,5
9,7,6,5
9,7,8,10
9,7,9,30
9,7,10,5
9,7,13,5
9,7,14,30
9,7,15,5
9,7,18,5
9,7,20,5
9,7,23,5
9,7,26,5
9,7,27,5
9,7,28,5
9,7,29,10
9,7,30,30
9,7,32,10
9,7,34,5
9,7,35,10
9,7,37,5
9,7,38,5
9,7,40,5
9,7,41,5
9,7,45,5
9,7,48,10
9,7,49,5
9,8,0,10
9,8,1,5
9,8,3,10
9,8,4,5
9,8,6,5
9,8,8,10
9,8,9,5
9,8,10,5
9,8,11,5
9,8,12,5
9,8,15,5
9,8,18,5
9,8,20,30
9,8,23,5
9,8,24,10
9,8,28,5
9,8,31,10
9,8,32,5
9,8,33,10
9,8,36,10
9,8,40,5
9,8,41,10
9,8,44,10
9,8,45,5
9,8,49,30
9,9,0,5
9,9,4,5
9,9,10,10
9,9,11,5
9,9,12,10
9,9,14,10
9,9,15,10
9,9,16,5
9,9,17,5
9,9,18,10
9,9,25,5
9,9,28,5
9,9,29,5
9,9,30,10
9,9,33,30
9,9,34,5
9,9,36,5
9,9,38,30
9,9,39,5
9,9,40,10
9,9,41,10
9,9,44,5
9,9,45,5
9,9,47,5
9,9,48,5
9,9,49,10
9,10,0,5
9,10,1,10
9,10,3,5
9,10,6,5
9,10,8,10
9,10,9,10
9,10,10,5
9,10,12,10
9,10,13,5
9,10,14,5
9,10,15,5
9,10,18,10
9,10,20,5
9,10,25,5
9,10,27,5
9,10,29,5
9,10,30,5
9,10,31,10
9,10,32,5
9,10,33,5
9,10,35,30
9,10,36,5
9,10,37,30
9,10,38,5
9,10,41,5
9,11,0,10
9,11,3,10
9,11,7,10
9,11,8,5
9,11,10,30
9,11,11,10
9,11,12,5
9,11,13,5
9,11,15,5
9,11,20,30
9,11,25,5
9,11,26,5
9,11,28,10
9,11,29,5
9,11,31,5
9,11,32,10
9,11,33,5
9,11,35,5
9,11,36,5
9,11,38,5
9,11,39,10
9,11,43,10
9,11,45,10
9,11,47,10
9,12,0,10
9,12,3,10
9,12,5,5
9,12,8,5
9,12,9,5
9,12,12,5
9,12,14,5
9,12,15,5
9,12,16,5
9,12,18,5
9,12,22,5
9,12,25,5
9,12,26,5
9,12,27,5
9,12,29,5
9,12,30,5
9,12,34,5
9,12,36,5
9,12,37,5
9,12,49,10
9,13,0,10
9,13,7,5
9,13,8,30
9,13,9,30
9,13,11,5
9,13,13,30
9,13,14,5
9,13,15,10
9,13,16,5
9,13,17,5
9,13,24,10
9,13,25,10
9,13,26,5
9,13,27,10
9,13,33,10
9,13,34,5
9,13,38,10
9,13,41,10
9,13,43,5
9,13,45,5
9,13,47,5
9,13,48,30
9,14,0,5
9,14,1,5
9,14,3,10
9,14,5,5
9,14,6,5
9,14,8,5
9,14,9,5
9,14,10,10
9,14,14,30
9,14,16,10
9,14,17,5
9,14,18,5
9,14,20,5
9,14,22,10
9,14,23,10
9,14,24,10
9,14,25,5
9,14,26,5
9,14,27,5
9,14,28,5
9,14,32,5
9,14,33,10
9,14,35,30
9,14,36,5
9,14,38,10
9,14,39,30
9,14,40,10
9,14,41,10
9,14,43,5
9,14,44,10
9,14,48,5
9,14,49,10
9,15,1,10
9,15,2,10
9,15,4,30
9,15,6,10
9,15,7,30
9,15,9,5
9,15,11,10
9,15,13,5
9,15,15,10
9,15,18,5
9,15,20,30
9,15,29,10
9,15,30,30
9,15,32,5
9,15,33,5
9,15,36,5
9,15,37,5
9,15,38,5
9,15,40,5
9,15,41,5
9,15,44,5
9,15,45,5
9,15,48,10
9,16,0,5
9,16,2,10
9,16,3,5
9,16,4,5
9,16,5,10
9,16,6,5
9,16,8,10
9,16,9,5
9,16,10,10
9,16,16,5
9,16,17,30
9,16,18,5
9,16,20,10
9,16,22,5
9,16,23,5
9,16,24,10
9,16,25,10
9,16,26,5
9,16,27,30
9,16,30,5
9,16,32,10
9,16,33,10
9,16,39,5
9,16,40,5
9,16,44,5
9,16,45,10
9,16,47,10
9,16,48,30
9,17,1,30
9,17,3,5
9,17,4,5
9,17,5,5
9,17,7,10
9,17,11,5
9,17,16,5
9,17,17,5
9,17,22,5
9,17,26,10
9,17,29,5
9,17,31,5
9,17,33,5
9,17,35,5
9,17,36,5
9,17,38,5
9,17,39,10
9,17,40,5
9,17,43,5
9,17,44,10
9,17,45,5
9,18,0,5
9,18,1,10
9,18,2,5
9,18,3,5
9,18,4,5
9,18,9,5
9,18,10,10
9,18,13,10
9,18,14,5
9,18,15,5
9,18,16,5
9,18,18,5
9,18,20,5
9,18,22,5
9,18,23,30
9,18,24,5
9,18,37,10
9,18,39,10
9,18,41,5
9,18,44,5
9,18,47,5
9,18,49,5
9,20,0,5
9,20,5,5
9,20,6,5
9,20,7,10
9,20,8,5
9,20,10,10
9,20,15,10
9,20,16,10
9,20,17,5
9,20,20,5
9,20,24,10
9,20,25,5
9,20,27,10
9,20,29,10
9,20,30,30
9,20,33,10
9,20,37,10
9,20,38,10
9,20,39,5
9,20,40,5
9,20,43,5
9,20,44,10
9,20,48,5
9,20,49,10
9,22,5,10
9,22,6,5
9,22,7,10
9,22,8,10
9,22,9,30
9,22,13,10
9,22,14,5
9,22,15,5
9,22,17,5
9,22,20,30
9,22,24,5
9,22,31,5
9,22,34,5
9,22,40,5
9,22,43,30
9,22,44,5
9,22,45,5
9,22,48,30
9,23,0,10
9,23,1,5
9,23,2,10
9,23,3,10
9,23,4,5
9,23,5,10
9,23,8,10
9,23,13,10
9,23,14,5
9,23,16,10
9,23,17,5
9,23,18,5
9,23,22,5
9,23,23,30
9,23,24,10
9,23,25,30
9,23,26,5
9,23,27,10
9,23,29,10
9,23,30,30
9,23,32,5
9,23,33,30
9,23,36,30
9,23,37,5
9,23,38,5
9,23,40,5
9,23,41,5
9,23,43,5
9,23,44,5
9,23,47,5
9,23,48,5
9,24,1,30
9,24,3,30
9,24,4,5
9,24,5,10
9,24,6,5
9,24,7,5
9,24,8,5
9,24,11,5
9,24,12,30
9,24,13,5
9,24,14,10
9,24,15,10
9,24,16,10
9,24,17,10
9,24,26,5
9,24,28,10
9,24,30,5
9,24,32,5
9,24,33,5
9,24,39,10
9,24,40,5
9,24,43,10
9,24,45,10
9,24,47,10
9,24,49,10
9,25,0,5
9,25,1,5
9,25,3,5
9,25,4,10
9,25,7,10
9,25,8,30
9,25,9,5
9,25,12,10
9,25,15,5
9,25,18,5
9,25,22,5
9,25,25,5
9,25,27,10
9,25,30,5
9,25,31,10
9,25,32,10
9,25,33,5
9,25,35,5
9,25,37,5
9,25,40,5
9,25,41,5
9,25,47,5
9,25,49,10
9,26,0,5
9,26,1,5
9,26,2,5
9,26,3,5
9,26,5,5
9,26,6,5
9,26,7,10
9,26,8,5
9,26,12,10
9,26,22,5
9,26,25,5
9,26,27,5
9,26,29,5
9,26,32,5
9,26,33,30
9,26,34,5
9,26,36,5
9,26,38,5
9,26,40,10
9,26,43,5
9,26,44,10
9,27,0,5
9,27,1,30
9,27,4,10
9,27,7,5
9,27,15,5
9,27,16,30
9,27,17,10
9,27,18,10
9,27,20,5
9,27,22,5
9,27,25,10
9,27,29,5
9,27,30,5
9,27,31,10
9,27,33,5
9,27,36,5
9,27,38,10
9,27,40,5
9,27,43,10
9,27,47,5
9,27,48,5
9,28,2,30
9,28,4,10
9,28,5,30
9,28,6,10
9,28,7,5
9,28,9,30
9,28,10,5
9,28,11,10
9,28,13,5
9,28,15,5
9,28,16,5
9,28,18,30
9,28,23,5
9,28,24,5
9,28,25,5
9,28,28,10
9,28,29,10
9,28,33,10
9,28,34,10
9,28,35,30
9,28,37,5
9,28,40,5
9,28,48,5
9,28,49,5
9,29,3,10
9,29,5,5
9,29,6,10
9,29,7,30
9,29,8,5
9,29,9,5
9,29,10,10
9,29,11,5
9,29,15,5
9,29,17,5
9,29,18,10
9,29,20,5
9,29,22,10
9,29,23,5
9,29,24,10
9,29,26,5
9,29,27,10
9,29,30,10
9,29,31,5
9,29,32,5
9,29,34,10
9,29,35,5
9,29,36,5
9,29,38,10
9,29,43,30
9,29,44,5
9,29,45,5
9,30,0,5
9,30,3,5
9,30,6,5
9,30,7,30
9,30,8,10
9,30,10,5
9,30,11,5
9,30,12,5
9,30,14,10
9,30,17,10
9,30,22,5
9,30,23,30
9,30,30,5
9,30,32,10
9,30,33,10
9,30,37,10
9,30,39,10
9,30,40,5
9,30,41,5
9,30,43,30
9,30,45,5
9,30,47,5
9,30,48,10
9,31,0,5
9,31,1,5
9,31,4,5
9,31,7,5
9,31,9,10
9,31,12,10
9,31,15,5
9,31,16,10
9,31,17,5
9,31,20,5
9,31,22,5
9,31,24,5
9,31,25,5
9,31,26,5
9,31,30,5
9,31,32,10
9,31,33,5
9,31,35,5
9,31,36,10
9,31,37,5
9,31,38,10
9,31,40,10
9,31,41,5
9,31,43,5
9,31,44,10
9,31,45,5
9,31,47,5
9,31,49,10
9,32,0,5
9,32,1,5
9,32,2,5
9,32,3,5
9,32,5,30
9,32,6,10
9,32,8,5
9,32,11,5
9,32,12,10
9,32,13,5
9,32,14,5
9,32,18,10
9,32,20,5
9,32,23,10
9,32,24,5
9,32,25,10
9,32,28,5
9,32,29,5
9,32,31,5
9,32,34,5
9,32,36,5
9,32,37,10
9,32,39,5
9,32,43,5
9,32,47,5
9,32,48,5
9,32,49,10
9,33,1,5
9,33,2,5
9,33,3,10
9,33,4,5
9,33,5,5
9,33,6,5
9,33,7,10
9,33,9,5
9,33,13,5
9,33,14,5
9,33,17,10
9,33,18,10
9,33,22,5
9,33,23,5
9,33,25,5
9,33,27,5
9,33,28,5
9,33,30,5
9,33,33,10
9,33,34,5
9,33,36,5
9,33,39,10
9,33,40,5
9,33,41,5
9,33,43,5
9,33,44,10
9,33,47,5
9,34,0,5
9,34,2,5
9,34,3,30
9,34,4,5
9,34,6,5
9,34,8,5
9,34,9,5
9,34,10,10
9,34,12,5
9,34,22,5
9,34,23,10
9,34,24,30
9,34,25,10
9,34,30,10
9,34,33,10
9,34,37,10
9,34,38,5
9,34,39,5
9,34,40,5
9,34,41,30
9,34,44,30
9,34,48,5
9,34,49,30
9,35,0,5
9,35,1,10
9,35,5,5
9,35,6,5
9,35,10,5
9,35,11,10
9,35,13,5
9,35,15,10
9,35,16,5
9,35,17,10
9,35,18,5
9,35,20,10
9,35,22,30
9,35,23,10
9,35,27,10
9,35,29,10
9,35,30,5
9,35,31,5
9,35,32,10
9,35,36,10
9,35,40,5
9,35,41,10
9,35,47,5
9,35,49,30
9,36,0,30
9,36,3,30
9,36,6,5
9,36,8,10
9,36,9,10
9,36,10,30
9,36,14,10
9,36,15,5
9,36,17,30
9,36,18,30
9,36,25,5
9,36,26,5
9,36,29,5
9,36,30,5
9,36,31,30
9,36,33,5
9,36,37,5
9,36,40,10
9,36,44,5
9,36,47,5
9,37,2,5
9,37,4,10
9,37,7,5
9,37,8,10
9,37,10,30
9,37,12,5
9,37,15,5
9,37,16,10
9,37,17,30
9,37,22,10
9,37,23,5
9,37,27,5
9,37,28,5
9,37,31,5
9,37,32,10
9,37,37,5
9,37,38,10
9,37,43,5
9,37,44,5
9,37,48,5
9,38,1,10
9,38,2,30
9,38,5,5
9,38,6,5
9,38,8,10
9,38,9,30
9,38,10,30
9,38,13,30
9,38,14,30
9,38,24,5
9,38,26,5
9,38,32,5
9,38,34,30
9,38,38,30
9,38,40,10
9,38,41,5
9,38,43,5
9,38,44,5
9,38,45,5
9,38,47,10
9,39,1,5
9,39,3,10
9,39,4,5
9,39,6,10
9,39,7,5
9,39,8,5
9,39,10,10
9,39,12,5
9,39,13,5
9,39,14,10
9,39,17,10
9,39,18,30
9,39,20,5
9,39,22,10
9,39,26,30
9,39,32,5
9,39,33,5
9,39,35,5
9,39,36,5
9,39,39,10
9,39,40,5
9,39,43,5
9,39,44,5
9,39,45,10
9,39,47,10
9,40,2,5
9,40,4,5
9,40,6,30
9,40,10,5
9,40,13,10
9,40,14,10
9,40,15,5
9,40,17,10
9,40,23,5
9,40,24,5
9,40,26,5
9,40,27,30
9,40,28,10
9,40,30,5
9,40,31,10
9,40,34,5
9,40,36,10
9,40,37,5
9,40,40,5
9,40,47,10
9,40,48,5
9,41,1,5
9,41,2,5
9,41,3,5
9,41,4,5
9,41,6,5
9,41,7,5
9,41,9,5
9,41,10,5
9,41,11,30
9,41,12,5
9,41,13,10
9,41,14,10
9,41,17,30
9,41,20,10
9,41,22,10
9,41,25,10
9,41,28,5
9,41,30,10
9,41,32,5
9,41,33,5
9,41,34,10
9,41,36,5
9,41,39,10
9,41,43,10
9,41,44,5
9,41,45,10
9,41,47,10
9,41,49,5
9,43,0,30
9,43,1,5
9,43,4,5
9,43,5,5
9,43,7,5
9,43,9,5
9,43,10,10
9,43,16,10
9,43,23,5
9,43,24,10
9,43,25,5
9,43,26,5
9,43,30,5
9,43,31,10
9,43,36,10
9,43,37,30
9,43,38,10
9,43,39,30
9,43,40,5
9,43,43,10
9,43,44,5
9,43,45,5
9,43,49,5
9,44,1,10
9,44,2,30
9,44,5,10
9,44,7,5
9,44,11,10
9,44,12,30
9,44,13,5
9,44,16,10
9,44,17,10
9,44,20,5
9,44,22,10
9,44,28,5
9,44,29,30
9,44,30,5
9,44,32,5
9,44,35,5
9,44,38,10
9,44,40,5
9,44,41,5
9,44,44,5
9,44,45,5
9,45,1,10
9,45,2,10
9,45,3,5
9,45,4,5
9,45,6,5
9,45,7,5
9,45,8,30
9,45,14,10
9,45,16,10
9,45,17,10
9,45,18,5
9,45,22,10
9,45,23,5
9,45,24,10
9,45,27,30
9,45,28,5
9,45,29,30
9,45,30,10
9,45,37,5
9,45,38,30
9,45,43,5
9,45,44,5
9,45,47,5
9,47,3,5
9,47,4,10
9,47,5,5
9,47,7,30
9,47,8,10
9,47,9,5
9,47,10,5
9,47,11,5
9,47,13,5
9,47,14,5
9,47,15,10
9,47,16,5
9,47,17,10
9,47,24,5
9,47,25,10
9,47,26,10
9,47,27,10
9,47,28,10
9,47,29,5
9,47,30,5
9,47,31,5
9,47,35,10
9,47,36,30
9,47,37,5
9,47,38,5
9,47,41,10
9,47,43,5
9,47,45,5
9,47,48,5
9,47,49,5
9,48,2,5
9,48,6,5
9,48,8,5
9,48,9,5
9,48,13,10
9,48,15,5
9,48,17,5
9,48,18,5
9,48,22,5
9,48,25,5
9,48,27,5
9,48,29,5
9,48,31,5
9,48,32,5
9,48,33,5
9,48,36,30
9,48,37,5
9,48,38,5
9,48,39,5
9,48,40,5
9,48,43,5
9,48,44,5
9,48,45,5
9,48,47,5
9,49,1,10
9,49,2,5
9,49,4,5
9,49,5,30
9,49,7,10
9,49,9,5
9,49,10,5
9,49,11,5
9,49,15,5
9,49,17,30
9,49,20,5
9,49,22,30
9,49,23,10
9,49,25,10
9,49,27,30
9,49,28,5
9,49,29,10
9,49,30,5
9,49,32,10
9,49,33,5
9,49,37,10
9,49,38,10
9,49,40,5
9,49,43,5
9,49,44,5
9,49,45,5
9,49,47,10
